OrderNumber,ProductNumber,QuotedPrice,QuantityOrdered
1,1,"1,200.00",2
1,6,635.00,3
1,11,"1,650.00",4
1,16,28.00,1
1,21,55.00,3
1,26,121.25,5
1,40,174.60,6
2,27,24.00,4
2,40,180.00,4
3,1,"1,164.00",5
3,6,615.95,5
3,11,"1,650.00",1
3,16,28.00,2
3,21,55.00,3
3,26,125.00,3
3,31,21.34,5
3,36,165.00,4
4,1,"1,200.00",4
4,9,33.00,3
4,17,45.00,1
4,25,134.83,6
4,39,169.75,5
5,1,"1,200.00",4
5,14,135.75,5
5,31,22.00,3
6,2,"1,746.00",5
6,7,49.00,2
6,12,22.80,6
6,17,43.65,5
6,22,79.54,6
6,27,24.00,4
6,32,32.00,2
7,14,139.95,3
7,27,24.00,2
8,16,28.00,2
8,22,82.00,3
8,28,29.00,4
8,34,27.00,1
8,40,174.60,6
9,24,69.00,1
10,1,"1,200.00",2
10,24,69.00,3
11,1,"1,200.00",1
11,6,615.95,6
11,11,"1,650.00",3
11,16,28.00,1
11,21,55.00,3
11,26,125.00,1
11,31,21.34,5
11,36,160.05,5
12,10,36.00,2
13,1,"1,200.00",2
13,11,"1,650.00",3
13,28,29.00,1
13,38,166.00,1
14,1,"1,164.00",5
14,14,139.95,2
14,40,180.00,4
15,1,"1,200.00",2
15,9,33.00,3
15,17,43.65,5
15,29,34.00,2
15,37,189.00,1
16,9,33.00,1
16,14,139.95,2
16,19,47.00,3
16,24,69.00,4
16,29,34.00,3
16,34,26.19,6
16,39,169.75,6
17,1,"1,200.00",2
17,7,47.53,6
17,13,65.47,5
17,19,47.00,4
17,25,134.83,5
17,36,160.05,6
18,12,22.80,6
18,20,15.00,4
18,28,29.00,4
18,36,165.00,3
19,1,"1,164.00",5
19,6,635.00,2
19,11,"1,650.00",4
19,20,15.00,3
19,25,139.00,3
19,30,45.00,4
19,35,37.83,6
19,40,180.00,4
20,1,"1,200.00",3
20,37,183.33,6
21,3,75.00,3
21,13,65.47,6
21,33,18.43,5
22,1,"1,164.00",5
22,7,47.53,6
22,17,45.00,2
22,29,34.00,1
22,35,37.83,6
23,1,"1,164.00",6
23,6,635.00,3
23,11,"1,650.00",4
23,16,27.16,6
23,21,55.00,3
23,29,34.00,1
23,34,26.19,5
23,39,175.00,2
24,9,33.00,2
24,14,139.95,3
24,19,47.00,4
24,24,69.00,1
24,29,34.00,2
24,34,27.00,2
25,1,"1,200.00",4
25,11,"1,650.00",3
25,17,45.00,3
25,29,34.00,2
25,35,37.83,5
26,1,"1,164.00",5
26,7,47.53,6
26,13,67.50,3
26,24,69.00,1
26,30,45.00,2
26,36,160.05,5
27,1,"1,164.00",6
27,7,49.00,3
27,13,67.50,1
27,26,121.25,5
27,32,32.00,1
27,38,166.00,1
28,7,49.00,4
28,27,23.28,6
29,38,166.00,4
30,1,"1,164.00",5
30,9,33.00,1
30,17,45.00,4
30,29,34.00,4
30,37,183.33,6
31,16,27.16,6
32,1,"1,164.00",6
32,7,49.00,1
32,19,45.59,5
32,25,134.83,6
32,31,21.34,5
32,37,189.00,3
33,1,"1,200.00",1
33,7,47.53,6
33,13,65.47,5
33,19,47.00,4
33,33,19.00,1
33,39,175.00,2
34,8,48.50,5
34,28,28.13,6
35,1,"1,200.00",4
35,14,139.95,1
35,32,31.04,5
36,5,7.45,1
37,8,50.00,3
37,18,173.63,6
37,28,29.00,1
37,38,166.00,3
38,39,175.00,4
39,1,"1,164.00",6
39,6,615.95,5
39,11,"1,600.50",6
39,16,28.00,2
39,21,55.00,3
39,26,125.00,1
39,31,22.00,2
39,36,165.00,1
40,6,635.00,1
40,19,45.59,5
40,32,31.04,5
41,10,36.00,4
41,16,27.16,5
41,22,79.54,5
41,28,28.13,6
41,34,26.19,6
41,40,180.00,4
42,1,"1,164.00",5
42,9,33.00,1
42,19,47.00,3
42,27,24.00,1
42,35,39.00,4
43,1,"1,200.00",2
43,6,635.00,3
43,11,"1,650.00",1
43,16,27.16,5
43,28,28.13,6
43,33,19.00,4
43,38,161.02,5
44,1,"1,200.00",1
44,7,49.00,1
44,13,67.50,1
44,26,121.25,6
44,32,31.04,5
44,38,166.00,1
45,1,"1,164.00",5
45,6,635.00,2
45,11,"1,600.50",6
45,16,28.00,3
45,25,139.00,3
45,30,43.65,5
45,35,39.00,3
45,40,180.00,2
46,35,39.00,2
47,1,"1,164.00",5
48,1,"1,200.00",1
48,20,14.55,6
48,33,18.43,6
49,13,67.50,3
49,19,47.00,3
49,25,139.00,2
49,31,22.00,3
49,37,189.00,3
50,5,7.45,2
50,15,4.84,6
50,25,139.00,2
50,35,39.00,4
51,1,"1,200.00",1
52,30,43.65,6
53,1,"1,164.00",6
53,6,635.00,4
53,11,"1,600.50",6
53,16,28.00,2
53,21,55.00,1
53,34,27.00,1
53,39,175.00,2
54,10,36.00,2
55,10,36.00,1
56,6,635.00,4
56,16,27.16,5
56,26,125.00,3
56,36,165.00,2
57,1,"1,200.00",2
57,14,135.75,6
57,20,14.55,5
57,26,121.25,5
57,32,31.04,5
57,38,166.00,1
58,1,"1,200.00",2
58,7,49.00,4
58,13,67.50,3
58,19,47.00,3
58,31,22.00,2
58,37,189.00,1
59,1,"1,200.00",4
59,6,635.00,4
59,11,"1,650.00",4
59,21,53.35,6
59,26,121.25,6
59,31,22.00,1
59,36,165.00,3
60,1,"1,200.00",1
60,6,635.00,1
60,11,"1,600.50",5
60,16,28.00,3
60,28,29.00,1
60,33,19.00,1
60,38,166.00,1
61,1,"1,200.00",3
61,9,33.00,3
61,17,43.65,5
61,25,139.00,3
61,33,19.00,2
62,7,49.00,3
62,21,55.00,1
62,27,24.00,4
62,33,19.00,1
62,39,169.75,6
63,1,"1,164.00",6
63,27,24.00,2
64,1,"1,200.00",1
64,6,615.95,5
64,11,"1,650.00",2
64,16,28.00,4
64,21,53.35,5
64,28,29.00,3
64,33,19.00,4
64,38,166.00,2
65,1,"1,200.00",3
65,11,"1,600.50",6
65,21,53.35,6
65,34,27.00,1
66,1,"1,200.00",1
66,6,635.00,4
66,11,"1,600.50",6
66,16,28.00,2
66,21,53.35,5
66,29,34.00,2
66,34,27.00,4
66,39,175.00,4
67,10,36.00,4
67,16,28.00,3
67,22,82.00,4
67,28,29.00,3
67,34,27.00,2
67,40,180.00,1
68,19,45.59,6
69,6,635.00,3
69,16,28.00,1
69,26,121.25,5
69,36,165.00,3
70,9,32.01,5
70,22,82.00,3
70,35,37.83,5
71,1,"1,200.00",1
71,14,139.95,4
71,30,45.00,2
72,16,27.16,5
72,22,82.00,2
72,27,23.28,6
72,32,32.00,4
72,37,183.33,5
73,1,"1,164.00",5
73,7,47.53,6
73,13,67.50,3
73,25,139.00,4
73,31,21.34,5
73,37,189.00,1
74,1,"1,200.00",2
74,6,635.00,4
74,11,"1,600.50",5
74,16,28.00,3
74,21,53.35,5
74,26,121.25,5
74,33,19.00,2
74,38,166.00,1
75,1,"1,200.00",4
75,9,33.00,4
75,14,135.75,5
75,19,47.00,1
75,24,69.00,4
75,29,34.00,3
75,34,26.19,5
75,39,175.00,3
76,18,173.63,5
77,1,"1,200.00",1
77,7,49.00,1
77,13,67.50,4
77,19,47.00,1
77,30,43.65,6
77,36,165.00,2
78,1,"1,200.00",3
78,11,"1,600.50",6
78,21,55.00,3
78,34,26.19,5
79,1,"1,164.00",6
79,7,49.00,2
79,13,67.50,2
79,28,29.00,1
79,34,27.00,3
79,40,180.00,1
80,1,"1,200.00",3
80,6,615.95,5
80,11,"1,650.00",4
80,16,27.16,5
80,29,32.98,6
80,34,27.00,3
80,39,175.00,4
81,39,169.75,6
82,1,"1,164.00",6
82,6,635.00,4
82,11,"1,650.00",1
82,16,28.00,4
82,21,53.35,6
82,32,31.04,5
82,37,183.33,6
83,10,36.00,4
83,36,165.00,3
84,16,27.16,6
84,21,55.00,3
84,35,39.00,2
84,40,174.60,5
85,16,28.00,2
85,21,53.35,6
85,26,121.25,6
85,31,22.00,2
85,36,165.00,4
86,1,"1,200.00",2
86,6,615.95,6
86,11,"1,650.00",1
86,18,179.00,3
86,28,28.13,5
86,33,19.00,3
86,38,161.02,5
87,1,"1,164.00",5
87,21,55.00,4
87,34,27.00,3
88,36,160.05,6
89,15,4.84,6
89,31,22.00,4
89,39,175.00,3
90,33,19.00,3
91,1,"1,164.00",5
91,6,635.00,2
91,11,"1,650.00",4
91,16,28.00,1
91,26,125.00,2
91,31,22.00,3
91,36,160.05,5
92,1,"1,200.00",3
92,14,135.75,5
92,32,31.04,5
93,3,75.00,1
94,1,"1,200.00",2
94,7,49.00,3
94,13,65.47,5
94,26,125.00,4
94,32,32.00,3
94,38,166.00,4
95,5,7.23,5
95,11,"1,600.50",6
95,17,45.00,3
95,29,34.00,2
95,35,39.00,3
96,1,"1,200.00",4
96,17,45.00,3
96,27,24.00,3
96,37,189.00,3
97,1,"1,200.00",2
97,14,139.95,1
97,30,45.00,1
98,1,"1,200.00",4
98,33,19.00,3
99,1,"1,200.00",4
99,25,139.00,2
100,3,75.00,3
100,11,"1,650.00",2
100,19,47.00,3
100,27,23.28,6
100,35,39.00,1
101,7,47.53,6
101,15,4.99,4
101,31,22.00,3
101,39,169.75,6
102,1,"1,200.00",3
102,9,33.00,4
102,17,43.65,5
102,25,134.83,6
102,33,18.43,6
103,1,"1,164.00",5
103,6,635.00,4
103,19,45.59,6
103,24,69.00,3
103,29,34.00,3
103,34,27.00,3
103,39,175.00,2
104,1,"1,200.00",3
104,37,183.33,6
105,2,"1,746.00",5
105,8,50.00,3
105,14,139.95,1
105,20,15.00,3
105,26,125.00,1
105,32,31.04,5
106,32,32.00,4
107,17,45.00,2
107,22,82.00,3
107,27,23.28,5
107,32,32.00,1
107,37,189.00,4
108,31,22.00,4
109,39,175.00,4
110,16,27.16,6
110,21,55.00,3
110,26,125.00,1
110,37,189.00,1
111,2,"1,746.00",6
111,8,50.00,4
111,14,139.95,3
111,20,14.55,6
111,26,125.00,4
111,32,32.00,4
112,16,28.00,3
112,36,165.00,2
113,1,"1,200.00",4
113,25,139.00,1
113,38,161.02,5
114,17,43.65,5
114,30,45.00,3
115,8,50.00,4
115,16,28.00,3
115,24,69.00,3
115,32,32.00,4
115,40,180.00,1
116,1,"1,200.00",3
116,12,23.50,2
116,20,15.00,2
116,28,28.13,5
116,36,165.00,4
117,1,"1,164.00",6
117,6,635.00,4
117,18,179.00,4
117,28,29.00,4
117,33,19.00,3
117,38,166.00,1
118,33,18.43,6
119,1,"1,164.00",6
119,6,615.95,5
119,11,"1,650.00",4
119,16,28.00,3
119,26,121.25,5
119,31,22.00,4
119,36,165.00,1
120,1,"1,200.00",2
120,9,33.00,2
120,17,43.65,5
120,25,139.00,4
120,38,166.00,4
121,1,"1,200.00",2
121,14,139.95,1
121,29,32.98,6
122,1,"1,200.00",3
122,9,33.00,1
122,17,45.00,3
122,25,134.83,6
122,33,19.00,3
123,6,615.95,5
123,12,23.50,2
123,18,179.00,1
123,24,66.93,6
123,30,43.65,6
123,36,165.00,1
124,1,"1,164.00",6
124,33,18.43,6
125,1,"1,200.00",3
125,17,45.00,2
125,30,43.65,6
126,9,32.01,6
126,14,139.95,4
126,19,47.00,1
126,24,66.93,6
126,29,34.00,2
126,34,26.19,5
126,39,169.75,6
127,1,"1,164.00",6
127,7,47.53,5
127,13,67.50,3
127,19,47.00,1
127,25,139.00,3
127,36,165.00,3
128,21,53.35,5
128,33,18.43,6
129,24,69.00,1
130,1,"1,164.00",5
130,6,615.95,5
130,13,65.47,5
130,18,179.00,2
130,28,29.00,1
130,33,18.43,6
130,38,166.00,4
131,1,"1,164.00",6
131,17,45.00,2
131,30,45.00,2
132,1,"1,200.00",2
132,37,183.33,5
133,9,33.00,2
134,16,28.00,2
134,21,53.35,6
134,26,121.25,6
134,31,22.00,4
134,37,183.33,6
135,6,615.95,5
135,14,135.75,6
135,22,82.00,1
135,30,43.65,6
135,38,166.00,1
136,1,"1,200.00",3
136,11,"1,600.50",5
136,19,47.00,3
136,27,24.00,1
136,35,39.00,2
137,16,28.00,3
137,21,55.00,2
137,26,125.00,1
137,37,183.33,5
138,10,36.00,4
138,16,28.00,3
138,22,79.54,5
138,28,29.00,1
138,34,27.00,4
138,40,180.00,2
139,32,32.00,4
140,1,"1,200.00",3
140,6,615.95,5
140,11,"1,600.50",6
140,22,82.00,2
140,27,24.00,2
140,32,32.00,3
140,37,189.00,1
141,1,"1,200.00",2
141,7,49.00,3
141,13,67.50,3
141,19,45.59,6
141,25,139.00,4
141,35,39.00,3
142,1,"1,200.00",3
142,27,24.00,1
143,17,45.00,2
143,30,45.00,2
144,1,"1,164.00",6
144,14,135.75,6
144,27,24.00,2
145,1,"1,200.00",3
145,36,165.00,4
146,18,179.00,2
147,1,"1,200.00",2
147,14,135.75,5
147,37,183.33,6
148,1,"1,200.00",1
148,6,615.95,5
148,11,"1,650.00",2
148,16,27.16,5
148,21,55.00,4
148,26,125.00,1
148,31,22.00,1
148,36,165.00,4
149,1,"1,200.00",4
149,38,166.00,3
150,1,"1,164.00",6
150,11,"1,650.00",2
150,21,53.35,5
150,31,22.00,1
151,24,69.00,4
152,2,"1,800.00",3
152,7,49.00,1
152,12,23.50,4
152,17,45.00,4
152,22,82.00,2
152,27,23.28,5
152,32,32.00,2
153,7,49.00,1
153,13,67.50,2
153,19,47.00,3
153,34,26.19,5
153,40,174.60,5
154,14,139.95,4
154,36,160.05,5
155,10,36.00,4
155,20,15.00,3
155,30,45.00,3
155,40,180.00,4
156,1,"1,164.00",6
156,6,635.00,1
156,19,47.00,4
156,24,69.00,3
156,29,34.00,1
156,34,27.00,4
156,39,169.75,5
157,1,"1,164.00",6
157,11,"1,600.50",6
157,21,53.35,6
157,33,19.00,1
158,21,53.35,6
159,10,34.92,5
159,20,15.00,2
159,30,45.00,4
159,40,180.00,4
160,1,"1,200.00",1
160,6,635.00,1
160,11,"1,600.50",5
160,16,28.00,1
160,21,55.00,2
160,26,121.25,6
160,31,22.00,3
160,36,160.05,5
161,1,"1,200.00",2
161,16,28.00,1
161,36,165.00,4
162,11,"1,600.50",5
162,31,22.00,1
163,1,"1,164.00",6
163,7,49.00,4
163,13,65.47,5
163,26,125.00,4
163,32,31.04,6
163,38,166.00,1
164,1,"1,164.00",6
164,24,66.93,5
165,1,"1,164.00",6
165,6,615.95,5
165,11,"1,600.50",6
165,20,14.55,6
165,25,139.00,4
165,30,45.00,2
165,35,37.83,6
165,40,174.60,6
166,7,49.00,3
166,13,67.50,4
166,19,45.59,6
166,25,134.83,5
166,40,180.00,3
167,1,"1,164.00",5
167,9,32.01,6
167,21,55.00,2
167,29,32.98,5
167,37,183.33,6
168,1,"1,200.00",1
168,7,49.00,4
168,13,67.50,1
168,19,47.00,2
168,29,34.00,4
168,35,37.83,5
169,9,33.00,1
169,14,139.95,4
169,19,45.59,6
169,24,69.00,2
169,29,32.98,6
169,34,26.19,5
169,39,169.75,5
170,1,"1,200.00",3
170,7,47.53,5
170,13,67.50,2
170,26,125.00,4
170,32,32.00,1
170,38,161.02,5
171,38,166.00,4
172,1,"1,200.00",2
172,11,"1,650.00",2
172,21,55.00,2
172,34,27.00,3
173,22,82.00,3
173,35,37.83,6
174,1,"1,164.00",6
174,36,165.00,1
175,1,"1,164.00",5
175,6,615.95,6
175,11,"1,650.00",3
175,16,27.16,6
175,21,55.00,4
175,26,125.00,4
175,31,22.00,3
175,36,165.00,3
176,7,47.53,5
176,17,43.65,6
176,27,24.00,3
176,37,183.33,6
177,1,"1,200.00",4
177,9,33.00,2
177,17,45.00,2
177,25,139.00,1
177,36,165.00,4
178,16,28.00,1
178,21,55.00,1
178,31,22.00,2
178,36,160.05,5
179,1,"1,164.00",5
179,6,635.00,2
179,11,"1,650.00",1
179,17,43.65,5
179,22,79.54,6
179,27,24.00,1
179,32,31.04,6
179,37,183.33,6
180,21,55.00,4
180,40,180.00,3
181,1,"1,200.00",3
181,11,"1,650.00",1
181,24,66.93,6
181,34,27.00,4
182,1,"1,164.00",6
182,6,615.95,5
182,18,179.00,4
182,28,29.00,2
182,33,19.00,2
182,38,166.00,4
183,1,"1,200.00",2
183,7,47.53,5
183,12,22.80,5
183,17,43.65,5
183,22,82.00,4
183,27,23.28,5
183,32,31.04,6
183,37,183.33,5
184,1,"1,200.00",3
184,6,635.00,2
184,11,"1,600.50",5
184,16,28.00,3
184,21,53.35,6
184,30,43.65,6
184,35,39.00,4
184,40,180.00,4
185,1,"1,200.00",4
185,18,179.00,2
185,28,29.00,4
185,38,166.00,4
186,5,7.23,6
186,25,139.00,2
187,22,79.54,5
187,35,37.83,6
188,1,"1,164.00",6
188,37,189.00,2
189,5,7.23,5
189,15,4.99,4
189,25,134.83,5
189,35,39.00,2
190,29,32.98,6
191,8,48.50,5
191,13,65.47,5
191,18,179.00,1
191,28,29.00,1
191,33,18.43,6
191,38,166.00,4
192,17,43.65,6
192,22,79.54,6
192,27,24.00,2
192,32,32.00,4
192,37,189.00,2
193,1,"1,200.00",2
193,6,615.95,5
193,20,15.00,4
193,25,139.00,1
193,30,45.00,2
193,35,37.83,5
193,40,180.00,1
194,1,"1,200.00",3
194,14,135.75,5
194,31,21.34,6
195,39,175.00,4
196,1,"1,200.00",1
196,7,49.00,4
196,13,67.50,3
196,19,47.00,3
196,25,134.83,6
196,40,174.60,5
197,18,179.00,1
199,9,33.00,4
199,15,4.84,5
199,21,55.00,1
199,27,24.00,3
199,33,19.00,1
199,39,175.00,4
200,1,"1,164.00",5
200,7,47.53,5
200,13,67.50,3
200,24,66.93,6
200,30,45.00,2
200,36,160.05,5
201,5,7.23,6
202,39,175.00,3
203,1,"1,200.00",2
203,6,635.00,4
203,16,28.00,3
203,21,53.35,5
203,31,21.34,5
203,36,165.00,4
204,24,66.93,5
205,1,"1,164.00",6
205,6,635.00,3
205,11,"1,600.50",5
205,16,28.00,2
205,21,55.00,3
205,34,26.19,6
205,39,175.00,3
206,1,"1,200.00",3
206,14,139.95,4
206,31,22.00,4
207,14,139.95,4
207,31,22.00,4
208,9,32.01,5
208,14,139.95,4
208,19,47.00,2
208,24,69.00,1
208,29,32.98,5
208,34,27.00,3
208,39,175.00,4
209,13,67.50,4
209,33,19.00,1
210,1,"1,164.00",5
210,6,635.00,3
210,11,"1,650.00",2
210,24,66.93,6
210,29,34.00,3
210,34,26.19,5
210,39,169.75,5
211,6,615.95,5
212,3,75.00,2
213,16,27.16,6
213,36,165.00,2
214,13,65.47,6
214,26,121.25,6
214,39,175.00,2
215,1,"1,200.00",3
215,6,635.00,2
215,18,179.00,3
215,28,29.00,4
215,33,18.43,6
215,38,166.00,4
217,1,"1,164.00",6
217,11,"1,650.00",1
217,30,45.00,4
217,40,174.60,5
218,1,"1,164.00",5
218,7,49.00,3
218,13,65.47,6
218,19,47.00,4
218,33,18.43,6
218,39,175.00,3
219,1,"1,200.00",1
219,7,49.00,4
219,13,67.50,4
219,19,45.59,6
219,25,139.00,4
219,38,161.02,5
220,1,"1,200.00",2
220,6,635.00,1
220,11,"1,600.50",6
220,22,82.00,2
220,27,23.28,6
220,32,32.00,3
220,37,183.33,6
221,6,635.00,1
221,14,139.95,3
221,22,79.54,6
221,30,45.00,3
221,38,161.02,6
222,1,"1,200.00",3
222,11,"1,650.00",3
222,24,69.00,1
222,34,26.19,5
223,1,"1,164.00",6
223,11,"1,600.50",6
223,29,34.00,2
223,39,175.00,2
224,1,"1,164.00",5
224,9,32.01,6
224,20,15.00,3
224,28,29.00,2
224,36,165.00,4
225,1,"1,200.00",3
225,7,47.53,6
225,13,65.47,6
225,26,125.00,3
225,32,31.04,5
225,38,166.00,2
226,20,15.00,4
226,30,45.00,2
226,40,180.00,2
227,1,"1,200.00",2
227,6,615.95,5
227,11,"1,650.00",2
227,16,27.16,5
227,25,134.83,5
227,30,43.65,6
227,35,37.83,6
227,40,174.60,6
228,17,45.00,1
229,6,615.95,5
229,26,121.25,5
230,26,121.25,6
231,8,50.00,4
231,13,67.50,2
231,18,179.00,2
231,28,28.13,6
231,33,19.00,1
231,38,166.00,4
232,7,49.00,1
232,13,67.50,3
232,19,47.00,1
232,25,139.00,3
232,31,22.00,2
232,37,183.33,5
233,1,"1,200.00",3
233,24,66.93,6
234,10,36.00,2
234,36,165.00,2
235,9,33.00,1
235,17,45.00,4
235,25,139.00,2
235,38,166.00,1
236,5,7.45,4
236,10,34.92,6
236,15,4.99,4
236,20,15.00,3
236,25,134.83,5
236,30,43.65,6
236,35,39.00,2
236,40,180.00,2
237,2,"1,800.00",2
237,7,47.53,5
237,12,22.80,6
237,17,45.00,3
237,22,82.00,4
237,27,23.28,6
237,32,31.04,5
238,1,"1,200.00",3
238,24,69.00,2
238,37,183.33,5
239,1,"1,200.00",3
239,6,615.95,5
239,11,"1,650.00",2
239,16,28.00,3
239,21,53.35,5
239,35,37.83,5
239,40,180.00,4
240,5,7.23,6
240,18,173.63,6
240,31,22.00,3
241,14,139.95,2
241,27,24.00,4
241,40,180.00,3
242,1,"1,200.00",3
242,6,635.00,1
242,11,"1,650.00",3
242,16,28.00,2
242,21,55.00,3
242,26,121.25,5
242,31,21.34,5
242,36,165.00,4
243,1,"1,200.00",3
243,6,635.00,4
243,16,28.00,4
243,21,55.00,3
243,26,125.00,1
243,31,22.00,1
243,36,165.00,1
244,11,"1,600.50",6
245,10,34.92,6
245,18,179.00,4
245,26,121.25,5
245,34,27.00,4
246,1,"1,164.00",5
246,15,4.99,1
246,21,55.00,3
246,27,24.00,2
246,33,18.43,5
246,39,175.00,2
247,1,"1,200.00",2
247,9,33.00,1
247,17,43.65,6
247,25,139.00,2
247,33,19.00,2
248,1,"1,200.00",4
248,7,49.00,4
248,19,47.00,4
248,25,139.00,1
248,31,22.00,4
248,37,189.00,3
249,1,"1,164.00",5
249,7,47.53,5
249,13,67.50,3
249,19,47.00,1
249,25,134.83,5
249,38,166.00,2
250,1,"1,200.00",1
250,14,139.95,4
250,34,27.00,4
251,6,635.00,1
251,11,"1,600.50",5
251,16,28.00,3
251,21,53.35,6
251,26,121.25,6
251,31,21.34,5
251,36,165.00,2
252,1,"1,200.00",3
252,9,33.00,3
252,14,139.95,1
252,19,47.00,4
252,24,69.00,3
252,29,34.00,2
252,34,27.00,1
252,39,175.00,3
253,1,"1,164.00",6
253,27,24.00,2
254,13,67.50,4
254,26,125.00,3
254,39,169.75,5
255,16,28.00,1
256,1,"1,200.00",4
256,6,615.95,5
256,11,"1,600.50",6
256,16,28.00,2
256,24,69.00,2
256,29,34.00,3
256,34,27.00,3
256,39,175.00,3
257,1,"1,164.00",6
257,13,67.50,3
257,19,45.59,5
257,25,139.00,3
257,31,22.00,3
257,37,189.00,2
258,1,"1,200.00",1
258,6,635.00,1
258,11,"1,600.50",6
258,16,28.00,1
258,24,66.93,5
258,29,34.00,3
258,34,27.00,1
258,39,175.00,2
259,36,160.05,6
260,1,"1,200.00",3
260,9,33.00,4
260,17,45.00,3
260,25,134.83,5
260,39,175.00,1
261,1,"1,200.00",1
261,15,4.99,1
261,28,29.00,3
262,16,27.16,6
263,1,"1,164.00",5
263,11,"1,600.50",6
263,21,53.35,6
263,33,19.00,2
264,21,53.35,5
265,2,"1,800.00",4
265,7,47.53,6
265,12,23.50,2
265,17,45.00,1
265,22,82.00,4
265,27,23.28,5
265,32,32.00,2
265,37,189.00,3
266,1,"1,164.00",6
266,9,33.00,4
266,17,45.00,2
266,25,139.00,2
266,36,165.00,2
267,1,"1,200.00",3
267,25,139.00,2
267,38,166.00,3
268,1,"1,164.00",6
268,6,615.95,6
268,11,"1,650.00",2
268,16,27.16,6
268,21,55.00,4
268,26,125.00,1
268,32,32.00,4
268,37,183.33,6
269,1,"1,200.00",2
269,6,635.00,1
269,13,67.50,3
269,18,179.00,1
269,28,29.00,3
269,33,19.00,4
269,38,166.00,4
270,1,"1,200.00",1
270,15,4.99,2
270,31,22.00,1
270,39,175.00,1
271,1,"1,200.00",2
271,9,32.01,6
271,19,45.59,6
271,27,23.28,5
271,35,39.00,1
272,1,"1,164.00",6
272,16,28.00,4
272,26,125.00,2
272,36,160.05,6
273,1,"1,200.00",4
273,9,33.00,1
273,17,43.65,6
273,30,43.65,5
273,38,166.00,3
274,18,179.00,3
275,5,7.45,2
276,1,"1,200.00",4
276,11,"1,600.50",6
276,19,47.00,4
276,27,24.00,4
276,35,39.00,3
277,12,23.50,1
277,20,14.55,6
277,28,29.00,2
277,36,165.00,1
278,1,"1,200.00",1
278,24,69.00,3
278,37,183.33,6
279,1,"1,200.00",2
279,11,"1,650.00",3
279,21,53.35,5
279,39,169.75,6
280,1,"1,200.00",4
280,14,139.95,2
280,40,174.60,6
281,1,"1,164.00",6
281,6,635.00,1
281,11,"1,650.00",3
281,16,28.00,3
281,21,53.35,5
281,33,19.00,2
281,38,166.00,4
282,1,"1,200.00",2
282,14,135.75,5
282,32,32.00,2
283,19,47.00,1
283,39,169.75,5
284,1,"1,164.00",5
284,6,635.00,4
284,11,"1,650.00",3
284,16,28.00,4
284,21,55.00,1
284,27,23.28,6
284,32,32.00,1
284,37,189.00,1
285,1,"1,200.00",1
285,17,45.00,1
285,27,24.00,1
285,37,189.00,3
286,1,"1,164.00",5
286,29,34.00,4
287,9,33.00,1
287,29,32.98,5
288,8,48.50,5
288,28,28.13,5
289,9,32.01,5
289,19,47.00,1
289,29,34.00,2
289,39,169.75,5
290,1,"1,200.00",2
290,17,45.00,4
290,30,45.00,1
291,1,"1,176.00",4
291,14,137.15,2
291,30,42.78,6
292,1,"1,200.00",2
292,7,49.00,1
292,13,67.50,1
292,19,47.00,1
292,25,139.00,1
292,35,39.00,4
293,1,"1,200.00",2
293,7,47.53,5
293,13,65.47,5
293,19,47.00,4
293,25,134.83,5
293,36,160.05,6
294,1,"1,200.00",3
294,15,4.84,6
294,20,15.00,4
294,25,139.00,2
294,30,45.00,3
294,35,37.83,5
294,40,174.60,6
295,1,"1,164.00",5
295,9,33.00,2
295,17,43.65,6
295,25,134.83,6
295,34,27.00,1
296,1,"1,200.00",2
296,34,27.00,2
297,6,635.00,2
297,26,121.25,5
298,1,"1,164.00",6
298,26,125.00,4
299,19,45.59,5
299,39,175.00,1
300,1,"1,164.00",6
300,6,635.00,1
300,11,"1,600.50",5
300,30,45.00,2
300,35,39.00,2
300,40,180.00,1
301,1,"1,200.00",2
301,14,135.75,5
301,40,180.00,4
302,1,"1,200.00",4
302,14,139.95,2
302,36,160.05,5
303,8,48.50,5
303,13,67.50,3
303,18,179.00,4
303,28,29.00,1
303,33,18.43,6
303,38,161.02,5
304,16,27.16,5
304,21,55.00,3
304,27,24.00,1
304,32,32.00,1
304,37,189.00,3
306,1,"1,200.00",4
306,20,15.00,2
306,33,18.43,6
307,1,"1,200.00",4
307,7,49.00,2
307,13,67.50,2
307,19,47.00,1
307,30,45.00,1
307,36,165.00,4
308,1,"1,200.00",4
308,19,47.00,2
308,29,32.98,6
308,39,175.00,2
309,5,7.23,5
309,13,67.50,2
309,21,53.35,5
309,29,34.00,3
309,37,189.00,4
310,1,"1,200.00",2
310,6,635.00,3
310,11,"1,600.50",5
310,24,69.00,2
310,29,32.98,5
310,34,27.00,3
310,39,169.75,6
311,16,28.00,2
311,26,125.00,2
311,31,21.34,5
311,36,165.00,4
312,15,4.99,4
312,21,55.00,3
312,27,24.00,1
312,33,18.43,6
312,39,175.00,4
313,1,"1,164.00",5
313,15,4.84,6
313,31,22.00,4
313,39,175.00,1
314,20,14.55,5
314,40,180.00,2
315,1,"1,164.00",6
315,7,49.00,1
315,13,67.50,4
315,25,134.83,5
315,31,22.00,3
315,37,189.00,4
316,38,161.02,6
317,1,"1,200.00",2
317,13,65.47,6
317,21,53.35,5
317,29,32.98,5
317,37,183.33,5
318,6,615.95,6
319,1,"1,200.00",2
319,38,166.00,4
320,21,55.00,4
321,1,"1,164.00",5
321,7,47.53,5
321,13,67.50,1
321,24,69.00,1
321,30,45.00,3
321,36,165.00,3
322,36,165.00,4
323,1,"1,200.00",4
323,12,23.50,4
323,17,43.65,5
323,22,82.00,2
323,27,24.00,2
323,32,32.00,2
323,37,189.00,1
324,8,50.00,1
325,1,"1,200.00",3
325,6,635.00,3
325,12,23.50,1
325,17,43.65,5
325,22,82.00,2
325,27,23.28,5
325,32,31.04,6
325,37,189.00,3
326,8,48.50,5
327,1,"1,200.00",2
327,9,32.01,5
327,17,45.00,3
327,25,139.00,1
327,34,27.00,4
328,36,160.05,6
329,1,"1,200.00",3
329,6,615.95,6
329,11,"1,650.00",2
329,16,27.16,5
329,21,55.00,2
329,26,125.00,2
329,31,21.34,6
329,36,165.00,1
330,7,47.53,5
330,17,43.65,6
330,27,24.00,3
330,37,189.00,2
331,1,"1,164.00",6
331,6,635.00,2
331,11,"1,650.00",1
331,20,14.55,5
331,25,134.83,6
331,30,45.00,1
331,35,37.83,6
331,40,174.60,6
332,1,"1,200.00",1
332,11,"1,650.00",2
332,21,55.00,3
332,38,166.00,1
333,7,49.00,3
333,13,65.47,5
333,19,45.59,5
333,32,31.04,6
333,38,161.02,6
334,1,"1,200.00",2
334,7,47.53,6
334,13,67.50,2
334,24,66.93,5
334,30,43.65,5
334,36,160.05,5
335,1,"1,200.00",2
335,11,"1,600.50",6
335,29,34.00,1
335,39,169.75,6
336,1,"1,200.00",1
336,6,615.95,5
336,11,"1,600.50",6
336,16,28.00,4
336,21,55.00,4
336,26,125.00,1
336,31,22.00,2
336,38,166.00,4
337,1,"1,200.00",2
337,19,45.59,5
337,29,32.98,5
337,39,175.00,2
338,1,"1,164.00",6
338,9,33.00,2
338,17,43.65,5
338,32,32.00,1
338,40,174.60,5
339,1,"1,200.00",4
339,6,635.00,2
339,11,"1,600.50",5
339,16,28.00,3
339,26,125.00,1
339,31,22.00,3
339,36,165.00,3
340,1,"1,200.00",3
340,14,139.95,2
340,28,28.13,5
341,34,27.00,3
342,1,"1,200.00",3
342,14,135.75,6
342,39,175.00,1
343,1,"1,164.00",6
343,14,135.75,6
343,39,175.00,3
344,5,7.23,6
344,11,"1,650.00",4
344,17,45.00,3
344,29,32.98,5
344,35,39.00,3
345,1,"1,200.00",4
345,9,33.00,1
345,17,45.00,2
345,25,139.00,4
345,36,165.00,2
346,16,28.00,4
346,21,55.00,3
346,26,125.00,3
346,31,21.34,5
346,36,165.00,3
347,11,"1,650.00",4
347,24,69.00,4
347,37,189.00,2
348,7,49.00,2
348,13,65.47,6
348,19,45.59,5
348,30,45.00,1
348,36,160.05,6
349,14,139.95,4
349,38,166.00,1
350,6,615.95,5
351,1,"1,164.00",6
351,13,65.47,6
351,19,45.59,6
351,25,139.00,3
351,31,21.34,5
351,37,189.00,1
352,9,32.01,5
352,22,82.00,3
352,35,39.00,3
353,1,"1,200.00",1
353,6,615.95,6
353,11,"1,600.50",6
353,16,28.00,4
353,21,55.00,2
353,26,125.00,4
353,35,37.83,6
353,40,180.00,4
354,1,"1,200.00",3
354,7,49.00,2
354,13,65.47,5
354,19,47.00,3
354,32,32.00,1
354,38,161.02,5
355,1,"1,164.00",6
355,12,22.80,5
355,20,15.00,2
355,28,29.00,3
355,36,165.00,3
356,2,"1,800.00",1
356,12,23.50,2
356,22,82.00,3
356,32,32.00,3
357,7,47.53,5
357,12,22.80,5
357,17,45.00,2
357,22,82.00,4
357,27,24.00,2
357,32,31.04,5
357,37,189.00,2
358,1,"1,200.00",4
358,6,615.95,6
358,11,"1,650.00",1
358,16,28.00,3
358,21,55.00,3
358,26,125.00,2
358,33,19.00,1
358,38,161.02,5
359,1,"1,164.00",5
359,6,615.95,5
359,11,"1,600.50",5
359,16,27.16,5
359,30,43.65,5
359,35,39.00,4
359,40,180.00,2
360,1,"1,200.00",3
360,6,615.95,5
360,11,"1,600.50",6
360,16,28.00,3
360,21,53.35,6
360,26,125.00,2
360,37,189.00,4
362,1,"1,200.00",2
362,6,635.00,4
362,11,"1,600.50",6
362,16,28.00,3
362,21,53.35,6
362,26,121.25,6
362,37,189.00,3
363,1,"1,200.00",3
363,6,615.95,5
363,11,"1,650.00",2
363,16,28.00,1
363,21,55.00,3
363,26,125.00,1
363,34,27.00,1
363,39,169.75,5
364,3,75.00,3
364,13,67.50,4
364,33,19.00,4
365,20,14.55,6
365,40,180.00,1
366,1,"1,164.00",6
366,6,635.00,1
366,16,27.16,6
366,21,53.35,6
366,26,121.25,5
366,31,22.00,4
366,36,165.00,2
367,1,"1,200.00",2
367,6,635.00,3
367,11,"1,600.50",5
367,16,28.00,1
367,21,53.35,6
367,37,189.00,3
368,1,"1,200.00",4
368,22,79.54,6
369,34,27.00,4
370,1,"1,200.00",2
370,9,33.00,2
370,17,45.00,4
370,28,28.13,5
370,36,165.00,1
371,9,31.37,6
371,22,77.95,5
371,35,37.07,6
372,1,"1,164.00",6
372,8,48.50,5
372,13,65.47,5
372,18,173.63,6
372,28,29.00,3
372,33,18.43,6
372,38,166.00,2
373,1,"1,200.00",1
373,6,635.00,1
373,11,"1,650.00",4
373,16,28.00,4
373,21,55.00,3
373,26,121.25,6
373,31,22.00,3
373,36,165.00,2
374,1,"1,164.00",5
374,12,23.50,4
374,22,82.00,4
374,32,31.04,6
375,2,"1,800.00",2
375,8,50.00,4
375,14,139.95,2
375,20,15.00,4
375,26,125.00,1
375,32,32.00,4
376,16,28.00,4
376,21,55.00,1
376,26,121.25,5
376,32,31.04,6
376,37,189.00,4
377,8,50.00,4
377,14,139.95,4
377,20,14.55,6
377,26,121.25,6
377,32,31.04,5
377,38,166.00,3
378,1,"1,164.00",5
378,6,635.00,2
378,13,67.50,4
378,18,173.63,5
378,28,29.00,2
378,33,18.43,6
378,38,166.00,1
379,1,"1,200.00",3
379,11,"1,650.00",4
379,30,43.65,6
379,40,174.60,6
380,24,69.00,3
381,1,"1,200.00",3
381,6,635.00,1
381,17,45.00,2
381,22,79.54,6
381,27,24.00,2
381,32,32.00,1
381,37,189.00,3
382,14,139.95,4
383,1,"1,200.00",4
383,6,615.95,5
383,11,"1,650.00",2
383,16,28.00,1
383,21,55.00,4
383,30,45.00,3
383,35,39.00,3
383,40,180.00,2
384,1,"1,200.00",2
384,39,169.75,5
385,1,"1,200.00",2
385,6,615.95,6
385,11,"1,650.00",4
385,16,28.00,4
385,21,55.00,3
385,26,125.00,1
385,32,31.04,6
385,37,189.00,3
386,1,"1,164.00",6
386,9,33.00,3
386,17,43.65,6
386,25,134.83,6
386,33,19.00,3
387,1,"1,176.00",4
387,6,622.30,4
387,11,"1,568.49",5
387,16,27.44,2
387,21,53.90,2
387,26,122.50,3
387,31,21.56,2
387,36,161.70,4
388,1,"1,200.00",3
388,9,33.00,3
388,17,45.00,2
388,25,134.83,6
388,33,19.00,3
389,7,49.00,4
389,17,43.65,5
389,27,23.28,5
389,37,183.33,5
390,1,"1,200.00",2
390,6,635.00,3
390,11,"1,600.50",5
390,16,28.00,2
390,21,55.00,4
390,26,125.00,2
390,34,27.00,4
390,39,175.00,4
391,6,615.95,6
391,12,23.50,2
391,18,179.00,1
391,24,66.93,5
391,30,43.65,6
391,36,160.05,6
392,1,"1,200.00",4
392,11,"1,650.00",2
392,27,23.28,6
392,37,183.33,5
393,1,"1,200.00",3
393,28,29.00,3
394,15,4.99,3
394,28,29.00,4
395,6,615.95,5
396,5,7.45,4
396,15,4.99,2
396,25,139.00,3
396,35,39.00,1
397,26,125.00,4
398,1,"1,164.00",5
398,6,635.00,4
398,11,"1,650.00",3
398,16,28.00,3
398,21,55.00,1
398,26,125.00,2
398,31,22.00,2
398,40,180.00,3
399,1,"1,164.00",6
399,6,615.95,6
399,11,"1,650.00",4
399,16,28.00,2
399,21,55.00,2
399,26,121.25,5
399,31,22.00,2
399,36,165.00,1
400,1,"1,164.00",5
400,7,49.00,4
400,13,67.50,3
400,19,47.00,4
400,30,45.00,1
400,36,160.05,5
401,16,27.16,5
401,21,55.00,1
401,33,19.00,1
401,38,161.02,5
402,1,"1,200.00",2
402,9,33.00,2
402,17,45.00,2
402,29,34.00,1
402,37,189.00,1
403,1,"1,164.00",6
403,6,635.00,3
403,11,"1,600.50",6
403,16,28.00,1
403,21,55.00,3
403,30,43.65,6
403,35,37.83,5
403,40,180.00,3
404,2,"1,746.00",5
405,1,"1,164.00",5
405,17,45.00,4
405,27,24.00,3
405,37,183.33,5
406,1,"1,164.00",5
406,9,33.00,2
406,22,79.54,5
406,30,43.65,6
406,38,166.00,4
407,7,49.00,1
407,27,23.28,6
408,30,43.65,6
409,1,"1,164.00",5
409,21,55.00,1
409,34,27.00,3
410,6,635.00,4
410,19,47.00,2
410,32,32.00,2
411,1,"1,164.00",6
412,10,36.00,4
412,16,27.16,5
412,22,82.00,1
412,28,28.13,6
412,34,27.00,4
412,40,180.00,3
413,22,82.00,3
413,35,39.00,4
414,1,"1,200.00",4
414,6,615.95,5
414,11,"1,650.00",4
414,20,14.55,5
414,25,134.83,5
414,30,45.00,2
414,35,39.00,4
414,40,174.60,5
415,1,"1,200.00",3
415,24,66.93,5
415,37,183.33,5
416,1,"1,200.00",3
416,7,49.00,4
416,13,67.50,3
416,19,45.59,5
416,29,32.98,5
416,35,37.83,6
417,38,166.00,1
418,1,"1,200.00",1
418,14,135.75,6
418,24,66.93,6
418,34,27.00,1
419,11,"1,600.50",5
420,1,"1,200.00",2
420,14,139.95,2
420,22,79.54,5
420,30,43.65,6
420,38,166.00,1
421,21,53.35,5
421,39,175.00,1
422,1,"1,164.00",5
422,34,27.00,3
423,1,"1,200.00",1
423,7,49.00,1
423,13,65.47,6
423,19,47.00,1
423,32,31.04,5
423,38,166.00,1
424,35,39.00,1
425,17,45.00,3
425,29,34.00,1
425,35,39.00,3
426,14,139.95,2
426,22,82.00,2
426,30,45.00,1
426,38,161.02,5
427,5,7.45,4
427,18,179.00,4
427,31,22.00,1
428,1,"1,200.00",1
428,15,4.84,5
428,20,15.00,1
428,25,139.00,3
428,30,45.00,3
428,35,37.83,5
428,40,180.00,2
429,37,189.00,3
430,29,34.00,3
431,1,"1,200.00",1
431,7,49.00,3
431,13,67.50,1
431,27,24.00,1
431,33,19.00,3
431,39,169.75,5
432,16,28.00,3
432,28,29.00,4
432,33,19.00,2
432,38,161.02,6
433,1,"1,164.00",6
433,6,635.00,3
433,16,28.00,3
433,21,55.00,1
433,26,125.00,3
433,31,22.00,4
433,36,160.05,5
434,1,"1,200.00",3
434,6,615.95,5
434,11,"1,650.00",1
434,16,28.00,3
434,21,55.00,2
434,26,125.00,1
434,31,21.34,6
434,37,189.00,3
435,12,23.50,2
436,15,4.84,5
436,35,39.00,4
437,1,"1,200.00",4
437,9,32.01,5
437,17,43.65,6
437,28,29.00,4
437,36,165.00,3
438,7,49.00,3
438,12,23.50,2
438,17,45.00,3
438,22,82.00,4
438,27,23.28,5
438,32,32.00,2
438,37,189.00,1
439,1,"1,164.00",5
439,25,139.00,1
439,38,166.00,3
440,1,"1,200.00",1
440,36,165.00,3
441,1,"1,164.00",6
441,6,615.95,5
441,11,"1,600.50",5
441,16,27.16,5
441,26,125.00,3
441,31,22.00,4
441,36,165.00,4
442,12,23.50,4
442,20,15.00,1
442,28,29.00,2
442,36,165.00,3
443,16,28.00,3
443,21,53.35,6
443,26,121.25,5
443,31,22.00,3
443,40,174.60,6
444,8,50.00,4
444,13,65.47,5
444,18,179.00,3
444,28,29.00,1
444,33,19.00,4
444,38,161.02,6
445,1,"1,200.00",2
445,11,"1,600.50",6
445,17,45.00,3
445,29,34.00,4
445,35,39.00,1
446,15,4.99,2
446,35,39.00,2
447,1,"1,200.00",4
447,9,32.01,5
447,24,66.93,5
447,32,31.04,6
447,40,180.00,3
448,14,139.95,2
448,31,22.00,1
449,1,"1,164.00",5
449,6,635.00,3
449,11,"1,600.50",5
449,16,27.16,5
449,21,53.35,5
449,26,125.00,1
449,31,22.00,4
449,36,165.00,2
450,1,"1,200.00",1
450,6,635.00,1
450,11,"1,650.00",1
450,16,28.00,3
450,21,53.35,5
450,26,125.00,3
450,31,22.00,1
451,21,55.00,4
452,39,169.75,6
453,1,"1,200.00",1
453,7,49.00,2
453,13,67.50,1
453,26,125.00,1
453,32,32.00,1
453,38,166.00,2
454,1,"1,200.00",1
454,15,4.99,4
454,28,29.00,1
455,18,173.63,6
455,38,166.00,4
456,26,125.00,3
457,2,"1,800.00",1
457,10,36.00,2
457,18,179.00,2
457,26,125.00,4
457,34,27.00,3
458,9,33.00,2
458,17,45.00,4
458,25,139.00,2
458,34,26.19,5
459,8,48.50,5
459,18,179.00,2
459,28,29.00,4
459,38,161.02,6
460,6,635.00,3
461,1,"1,200.00",1
461,13,67.50,2
461,21,55.00,4
461,29,32.98,6
461,37,183.33,6
462,10,36.00,1
462,30,43.65,5
463,21,53.35,6
463,34,26.19,6
464,11,"1,650.00",3
464,24,69.00,3
464,37,189.00,1
465,1,"1,200.00",1
465,6,635.00,4
465,11,"1,650.00",3
465,16,27.16,6
465,21,53.35,6
465,27,24.00,1
465,32,32.00,2
465,37,183.33,6
466,1,"1,164.00",5
466,15,4.99,1
466,21,55.00,2
466,27,24.00,3
466,33,19.00,4
466,39,175.00,1
467,1,"1,200.00",4
467,11,"1,650.00",3
467,33,19.00,4
468,1,"1,164.00",5
468,9,32.01,6
468,17,45.00,4
468,25,139.00,2
468,33,19.00,4
469,2,"1,746.00",5
469,15,4.99,1
469,28,29.00,2
470,7,47.53,5
470,15,4.99,3
470,31,21.34,5
470,39,175.00,2
471,34,26.19,5
472,1,"1,164.00",6
472,38,166.00,4
473,10,34.92,5
473,15,4.99,2
473,20,15.00,1
473,25,139.00,3
473,30,45.00,2
473,35,39.00,2
473,40,174.60,6
474,9,32.01,5
474,15,4.99,3
474,21,53.35,6
474,27,24.00,4
474,33,19.00,4
474,39,175.00,1
475,20,14.55,6
475,25,134.83,5
475,30,45.00,2
475,35,39.00,2
475,40,180.00,1
476,18,179.00,3
476,38,166.00,4
477,1,"1,200.00",4
477,7,49.00,2
477,13,65.47,5
477,19,45.59,6
477,30,45.00,3
477,36,160.05,6
478,9,33.00,4
478,14,139.95,3
478,19,47.00,1
478,24,66.93,5
478,29,34.00,4
478,34,27.00,4
478,39,175.00,1
479,1,"1,164.00",6
479,7,49.00,3
479,21,55.00,3
479,27,24.00,1
479,33,19.00,2
479,39,175.00,2
480,6,635.00,4
480,14,135.75,5
480,22,82.00,2
480,30,43.65,5
480,38,166.00,4
481,7,49.00,1
481,15,4.99,4
481,31,22.00,2
481,39,175.00,3
482,24,69.00,3
483,6,615.95,6
483,16,28.00,3
483,26,125.00,3
483,36,165.00,4
485,10,34.92,5
485,15,4.99,1
485,20,15.00,3
485,25,134.83,5
485,30,45.00,4
485,35,39.00,4
485,40,174.60,5
486,5,7.45,4
486,10,36.00,1
486,15,4.84,5
486,20,15.00,1
486,25,139.00,2
486,30,45.00,3
486,35,39.00,2
486,40,180.00,2
487,1,"1,200.00",2
487,16,28.00,2
487,26,125.00,1
487,36,165.00,4
488,10,36.00,1
488,30,45.00,3
489,5,7.23,5
489,25,134.83,5
490,1,"1,200.00",2
490,14,139.95,2
490,29,34.00,3
491,1,"1,200.00",4
491,7,49.00,2
491,22,79.54,5
491,28,28.13,5
491,34,27.00,1
491,40,180.00,1
492,1,"1,200.00",1
492,7,49.00,4
492,13,67.50,3
492,26,125.00,3
492,32,32.00,3
492,38,161.02,6
493,1,"1,200.00",3
493,30,43.65,6
494,34,27.00,4
495,1,"1,164.00",5
495,15,4.99,1
495,21,53.35,6
495,27,23.28,5
495,33,19.00,3
495,39,175.00,3
496,1,"1,200.00",1
496,14,139.95,3
496,36,165.00,2
497,9,33.00,2
497,14,139.95,4
497,19,47.00,2
497,24,69.00,2
497,29,34.00,2
497,34,27.00,4
497,39,169.75,5
498,1,"1,164.00",5
498,6,635.00,1
498,17,45.00,2
498,22,82.00,1
498,27,24.00,3
498,32,32.00,2
498,37,183.33,6
499,1,"1,164.00",6
499,11,"1,600.50",6
499,21,55.00,3
499,34,26.19,6
500,1,"1,200.00",1
500,11,"1,650.00",1
500,21,55.00,3
500,31,22.00,1
501,9,33.00,1
501,17,45.00,3
501,26,125.00,2
501,34,26.19,5
502,1,"1,200.00",3
502,11,"1,650.00",4
502,21,53.35,5
502,38,166.00,3
503,1,"1,200.00",2
503,9,32.01,5
503,21,55.00,4
503,29,34.00,3
503,37,189.00,4
504,37,189.00,1
505,1,"1,200.00",2
505,6,615.95,6
505,20,14.55,6
505,25,139.00,1
505,30,45.00,4
505,35,37.83,6
505,40,180.00,3
506,1,"1,164.00",5
506,26,125.00,3
507,9,32.01,6
507,19,47.00,1
507,29,32.98,5
507,39,169.75,5
508,1,"1,164.00",5
508,11,"1,600.50",6
508,30,43.65,5
508,40,174.60,6
509,1,"1,200.00",4
509,18,173.63,5
509,28,29.00,2
509,38,166.00,2
510,9,33.00,3
510,17,43.65,6
510,25,139.00,4
510,33,19.00,3
511,1,"1,200.00",3
511,11,"1,650.00",3
511,21,55.00,2
511,37,183.33,5
512,8,48.50,6
513,1,"1,200.00",4
513,6,615.95,5
513,15,4.99,2
513,20,14.55,5
513,25,139.00,4
513,30,45.00,3
513,35,39.00,4
513,40,174.60,5
514,1,"1,164.00",6
514,10,36.00,3
514,18,179.00,4
514,26,121.25,5
514,34,27.00,1
515,10,36.00,4
515,18,179.00,4
515,26,125.00,2
515,34,27.00,3
516,1,"1,200.00",3
516,13,67.50,2
516,33,18.43,6
517,5,7.45,1
517,10,36.00,2
517,15,4.99,2
517,20,15.00,4
517,25,134.83,6
517,30,45.00,3
517,35,39.00,3
518,9,32.01,5
518,29,34.00,1
519,5,7.23,6
519,15,4.99,3
519,25,139.00,1
519,35,37.83,6
520,1,"1,200.00",1
520,12,22.80,5
520,17,43.65,6
520,22,82.00,1
520,27,24.00,4
520,32,32.00,3
520,37,183.33,6
521,1,"1,200.00",2
521,31,22.00,3
522,15,4.99,1
524,29,34.00,4
525,3,75.00,2
525,9,33.00,3
525,15,4.84,6
525,21,55.00,2
525,27,24.00,4
525,33,19.00,4
526,9,32.01,5
526,29,34.00,2
527,7,49.00,1
528,2,"1,800.00",3
528,22,82.00,3
529,1,"1,164.00",6
529,9,33.00,2
529,17,45.00,3
529,25,134.83,5
529,33,18.43,5
530,1,"1,200.00",3
530,6,635.00,4
530,11,"1,650.00",4
530,16,27.16,6
530,21,53.35,6
530,31,22.00,2
530,36,160.05,6
531,1,"1,200.00",3
531,7,49.00,4
531,13,65.47,5
531,19,45.59,5
531,25,139.00,3
531,36,165.00,4
532,5,7.23,5
532,11,"1,650.00",4
532,17,43.65,6
532,29,34.00,4
532,35,39.00,4
533,1,"1,200.00",3
533,6,615.95,5
533,11,"1,600.50",5
533,16,28.00,2
533,30,45.00,2
533,35,37.83,6
533,40,180.00,1
534,5,7.45,2
534,25,139.00,4
535,1,"1,200.00",4
535,24,66.93,5
535,37,183.33,6
536,10,36.00,4
536,15,4.99,3
536,20,15.00,3
536,25,139.00,3
536,30,43.65,6
536,35,39.00,3
536,40,180.00,4
537,9,32.01,5
537,17,45.00,1
537,30,45.00,3
537,38,166.00,4
538,1,"1,200.00",3
538,6,615.95,5
538,11,"1,650.00",1
538,20,15.00,2
538,25,134.83,5
538,30,45.00,2
538,35,37.83,6
538,40,180.00,2
539,1,"1,200.00",2
539,6,635.00,4
539,11,"1,650.00",2
539,16,28.00,1
539,21,53.35,5
539,26,125.00,2
539,32,32.00,3
539,37,189.00,1
540,1,"1,164.00",6
540,7,49.00,3
540,13,67.50,1
540,29,34.00,2
540,35,39.00,4
541,1,"1,164.00",6
541,11,"1,600.50",6
541,25,139.00,4
541,35,37.83,6
542,6,615.95,6
542,19,47.00,1
542,32,31.04,5
543,24,66.93,5
544,1,"1,200.00",3
544,11,"1,650.00",2
544,16,28.00,1
544,21,55.00,2
544,26,121.25,5
544,31,22.00,1
544,36,165.00,2
545,1,"1,200.00",2
545,6,635.00,3
545,11,"1,650.00",3
545,16,28.00,4
545,21,55.00,2
545,32,32.00,3
545,37,183.33,5
546,17,43.65,5
546,37,189.00,1
547,1,"1,200.00",1
547,9,33.00,3
547,17,43.65,5
547,30,45.00,2
547,38,166.00,4
548,1,"1,200.00",4
548,7,49.00,3
548,13,67.50,4
548,27,23.28,5
548,33,19.00,4
548,39,175.00,4
549,28,28.13,5
550,10,36.00,1
550,16,28.00,2
550,22,82.00,1
550,28,29.00,1
550,34,27.00,2
550,40,180.00,3
551,9,32.01,5
551,14,135.75,6
551,19,47.00,1
551,24,66.93,6
551,29,32.98,5
551,34,27.00,4
552,1,"1,164.00",5
552,6,635.00,2
552,11,"1,600.50",6
552,16,28.00,4
552,27,24.00,1
552,32,31.04,5
552,37,189.00,3
553,1,"1,200.00",3
553,11,"1,650.00",1
553,21,53.35,5
553,36,160.05,5
554,1,"1,164.00",5
554,9,32.01,5
554,17,45.00,4
554,25,134.83,5
554,33,19.00,2
555,3,72.75,5
555,8,50.00,3
555,13,67.50,3
555,18,179.00,2
555,28,29.00,1
555,33,19.00,3
555,38,166.00,3
556,1,"1,164.00",5
556,9,33.00,4
556,17,43.65,5
556,28,28.13,6
556,36,165.00,1
557,1,"1,200.00",3
557,11,"1,650.00",2
557,16,27.16,5
557,21,55.00,3
557,26,121.25,5
557,31,21.34,6
557,36,165.00,3
558,1,"1,164.00",6
558,6,635.00,3
558,20,15.00,1
558,25,139.00,4
558,30,43.65,5
558,35,39.00,3
558,40,174.60,6
559,1,"1,200.00",3
559,8,50.00,4
559,13,67.50,2
559,18,179.00,4
559,28,28.13,6
559,33,19.00,4
559,38,166.00,4
560,1,"1,164.00",5
560,16,27.16,6
560,22,82.00,2
560,28,29.00,1
560,34,27.00,2
560,40,180.00,3
561,1,"1,200.00",3
562,7,49.00,3
563,1,"1,200.00",3
563,7,49.00,3
563,13,67.50,1
563,19,47.00,3
563,34,27.00,4
563,40,180.00,4
564,16,28.00,4
564,29,34.00,3
565,1,"1,200.00",2
565,28,29.00,1
566,10,34.92,5
566,16,27.16,6
566,22,82.00,3
566,28,28.13,5
566,34,27.00,3
566,40,180.00,1
567,14,135.75,6
567,29,34.00,2
568,29,32.98,6
569,1,"1,200.00",4
569,7,49.00,1
569,13,67.50,4
569,19,47.00,3
569,33,19.00,4
569,39,169.75,6
570,15,4.84,6
570,25,134.83,5
570,35,39.00,1
571,1,"1,176.00",1
571,14,137.15,4
571,38,162.68,4
572,15,4.99,4
572,21,53.35,6
572,27,23.28,5
572,33,18.43,5
572,39,169.75,5
573,5,7.45,2
573,11,"1,600.50",6
573,17,43.65,6
573,29,34.00,1
573,35,37.83,5
574,9,32.01,5
575,1,"1,200.00",1
575,6,635.00,3
575,11,"1,600.50",5
575,16,28.00,1
575,21,55.00,2
575,26,125.00,4
575,31,21.34,6
575,36,165.00,3
576,16,28.00,2
577,12,23.50,1
577,20,14.55,5
577,28,29.00,3
577,36,165.00,3
578,8,48.50,5
578,18,179.00,3
578,28,29.00,4
578,38,161.02,6
579,1,"1,164.00",5
579,6,635.00,3
579,11,"1,650.00",4
579,16,28.00,2
579,21,55.00,2
579,26,125.00,3
579,39,175.00,3
580,19,47.00,2
580,39,169.75,6
581,16,28.00,4
581,21,55.00,3
581,30,45.00,1
581,35,37.83,6
581,40,180.00,4
582,1,"1,200.00",1
582,6,635.00,2
582,14,139.95,1
582,19,47.00,4
582,24,69.00,4
582,29,34.00,3
582,34,27.00,1
582,39,175.00,3
583,7,47.53,6
583,13,67.50,1
583,19,45.59,6
583,33,19.00,1
583,39,175.00,4
584,1,"1,200.00",4
584,14,139.95,2
584,24,66.93,6
584,34,27.00,1
585,1,"1,200.00",1
585,18,179.00,3
585,31,21.34,6
586,6,635.00,2
587,21,55.00,4
587,31,22.00,2
588,9,33.00,3
588,17,43.65,5
588,29,32.98,6
588,37,189.00,4
589,10,34.92,6
589,36,160.05,6
590,1,"1,164.00",6
590,6,615.95,6
590,11,"1,650.00",3
590,16,28.00,4
590,30,43.65,5
590,35,37.83,5
590,40,180.00,2
591,1,"1,200.00",2
591,7,49.00,3
591,13,67.50,1
591,19,47.00,4
591,37,189.00,1
592,1,"1,200.00",2
592,6,615.95,5
592,11,"1,600.50",5
592,28,29.00,1
592,33,18.43,5
592,38,161.02,5
593,13,67.50,4
594,1,"1,200.00",4
594,9,32.01,6
594,18,173.63,5
594,26,125.00,1
594,34,26.19,6
595,19,45.59,6
596,16,28.00,2
596,21,55.00,4
596,26,121.25,5
596,32,31.04,5
596,37,189.00,4
597,1,"1,200.00",3
597,6,615.95,6
597,11,"1,600.50",6
597,16,28.00,1
597,25,134.83,6
597,30,45.00,4
597,35,37.83,6
597,40,180.00,2
598,1,"1,200.00",3
598,6,635.00,3
598,11,"1,650.00",1
598,22,82.00,2
598,27,23.28,5
598,32,32.00,2
598,37,189.00,1
599,1,"1,200.00",3
599,11,"1,650.00",1
599,35,39.00,3
600,1,"1,200.00",2
600,6,635.00,4
600,11,"1,650.00",1
600,16,28.00,3
600,21,53.35,6
600,26,125.00,4
600,31,21.34,6
600,36,165.00,2
601,12,22.80,6
602,11,"1,600.50",5
603,9,32.01,5
603,17,45.00,4
603,28,28.13,6
603,36,165.00,4
604,1,"1,164.00",6
604,14,139.95,2
604,27,24.00,1
605,1,"1,164.00",6
605,7,49.00,4
605,21,55.00,4
605,27,24.00,3
605,33,18.43,5
605,39,175.00,1
606,1,"1,164.00",6
606,14,135.75,6
606,33,19.00,3
607,1,"1,164.00",6
607,35,39.00,2
608,7,47.53,5
608,17,45.00,2
608,27,23.28,5
608,37,189.00,1
609,1,"1,200.00",3
609,14,135.75,5
609,22,82.00,2
609,30,43.65,6
609,38,166.00,2
610,1,"1,164.00",5
610,6,615.95,6
610,11,"1,650.00",3
610,16,27.16,5
610,29,34.00,2
610,34,26.19,5
610,39,175.00,1
611,1,"1,200.00",4
611,15,4.99,2
611,20,15.00,1
611,25,139.00,2
611,30,45.00,1
611,35,39.00,4
611,40,174.60,5
612,1,"1,200.00",4
612,6,635.00,1
612,19,47.00,3
612,24,69.00,4
612,29,34.00,3
612,34,26.19,6
612,39,175.00,1
613,21,55.00,2
614,1,"1,200.00",2
614,21,53.35,6
614,34,27.00,2
615,1,"1,200.00",2
615,6,635.00,3
615,11,"1,650.00",3
615,16,28.00,2
615,21,55.00,3
615,26,125.00,1
615,31,22.00,1
615,36,165.00,1
616,18,179.00,2
616,38,166.00,3
617,1,"1,164.00",6
617,6,635.00,1
617,11,"1,650.00",2
617,16,28.00,2
617,24,69.00,4
617,29,34.00,4
617,34,27.00,1
617,39,175.00,1
618,1,"1,164.00",6
618,11,"1,650.00",3
618,21,53.35,5
618,31,22.00,4
619,3,75.00,3
620,1,"1,200.00",2
620,6,635.00,3
620,11,"1,650.00",2
620,16,28.00,1
620,21,55.00,3
620,28,29.00,3
620,33,19.00,4
620,38,161.02,6
621,30,45.00,3
622,1,"1,164.00",5
622,9,33.00,3
622,22,79.54,6
622,30,45.00,2
622,38,166.00,3
623,13,67.50,3
623,33,19.00,3
624,12,23.50,2
624,20,15.00,3
624,28,29.00,4
624,36,165.00,2
625,1,"1,164.00",5
625,7,47.53,5
625,13,67.50,4
625,27,23.28,6
625,33,19.00,2
625,39,175.00,4
626,1,"1,164.00",5
626,27,24.00,3
626,40,180.00,4
627,1,"1,200.00",1
627,34,27.00,4
628,40,174.60,6
630,1,"1,164.00",6
630,11,"1,650.00",4
630,21,55.00,2
630,34,26.19,6
631,1,"1,200.00",4
631,7,47.53,6
631,13,67.50,1
631,19,47.00,2
631,33,18.43,5
631,39,175.00,3
633,1,"1,200.00",4
633,35,37.83,5
634,1,"1,200.00",2
634,17,45.00,3
634,27,23.28,6
634,37,183.33,5
635,8,48.50,5
635,14,135.75,6
635,20,15.00,4
635,26,125.00,1
635,32,32.00,2
635,38,166.00,4
636,1,"1,200.00",4
636,6,635.00,4
636,11,"1,650.00",1
636,16,27.16,6
636,21,53.35,5
636,26,125.00,3
636,31,22.00,1
636,36,165.00,2
637,1,"1,200.00",2
637,6,615.95,6
637,11,"1,600.50",6
637,16,27.16,5
637,21,55.00,3
637,29,34.00,2
637,34,27.00,4
637,39,169.75,5
638,8,50.00,4
638,28,28.13,5
639,1,"1,164.00",6
639,14,139.95,2
639,20,15.00,3
639,26,121.25,6
639,32,31.04,5
639,38,166.00,2
640,6,635.00,2
640,19,45.59,5
640,32,32.00,1
641,1,"1,200.00",1
641,11,"1,600.50",6
641,21,55.00,2
641,35,39.00,2
642,1,"1,200.00",2
642,9,33.00,3
642,17,45.00,1
642,29,34.00,2
642,37,189.00,2
643,1,"1,200.00",4
643,9,32.01,6
643,17,43.65,5
643,37,189.00,2
644,3,75.00,2
644,16,28.00,3
644,29,32.98,6
645,10,34.92,5
645,36,165.00,1
646,38,166.00,4
647,3,75.00,1
647,13,67.50,1
647,33,19.00,1
648,9,33.00,4
649,17,43.65,6
649,29,32.98,6
649,35,37.83,6
650,1,"1,200.00",4
650,14,135.75,6
650,40,174.60,6
651,1,"1,200.00",2
651,7,49.00,4
651,13,67.50,1
651,19,47.00,2
651,31,22.00,4
651,37,189.00,4
652,9,32.01,5
652,14,139.95,4
652,19,47.00,1
652,24,69.00,4
652,29,34.00,3
652,34,27.00,1
652,39,169.75,5
653,21,53.35,5
653,31,21.34,5
654,1,"1,164.00",6
654,6,635.00,1
654,11,"1,650.00",1
654,16,28.00,2
654,21,53.35,6
654,33,18.43,6
654,38,161.02,5
655,1,"1,164.00",5
655,9,33.00,3
655,17,43.65,5
655,25,139.00,2
655,36,160.05,5
656,7,47.53,5
656,17,45.00,3
656,27,24.00,2
656,37,189.00,1
657,9,33.00,2
657,22,82.00,2
657,30,45.00,1
657,38,166.00,3
658,1,"1,200.00",4
658,9,33.00,4
658,17,45.00,4
658,28,29.00,1
658,36,165.00,4
659,1,"1,200.00",2
659,21,53.35,6
659,34,26.19,5
660,1,"1,200.00",1
660,7,49.00,1
660,13,67.50,2
660,19,45.59,5
660,25,139.00,2
660,40,174.60,6
661,2,"1,800.00",3
661,15,4.84,5
661,28,29.00,1
662,1,"1,200.00",1
662,6,615.95,6
662,16,28.00,2
662,21,55.00,3
662,26,125.00,4
662,31,21.34,5
662,36,165.00,4
663,1,"1,200.00",4
663,9,33.00,2
663,17,45.00,4
663,25,139.00,1
663,33,19.00,3
664,21,55.00,2
664,38,166.00,1
665,1,"1,200.00",1
665,11,"1,650.00",4
665,21,55.00,4
665,31,22.00,1
666,2,"1,800.00",3
666,22,82.00,2
667,9,32.01,6
667,14,139.95,2
667,19,45.59,5
667,24,66.93,6
667,29,34.00,3
667,34,26.19,6
668,1,"1,164.00",6
668,9,33.00,1
668,19,47.00,3
668,27,23.28,5
668,35,39.00,1
669,1,"1,164.00",6
669,7,49.00,1
669,13,67.50,4
669,19,47.00,4
669,32,32.00,3
669,38,166.00,2
670,12,22.80,5
670,25,134.83,5
670,38,161.02,5
671,1,"1,164.00",6
671,6,635.00,4
671,11,"1,650.00",3
671,16,28.00,2
671,21,55.00,2
671,33,18.43,5
671,38,166.00,1
672,1,"1,164.00",5
672,9,33.00,1
672,17,45.00,3
672,25,134.83,6
672,33,19.00,2
673,6,615.95,5
673,19,45.59,6
673,32,31.04,5
674,1,"1,200.00",2
674,30,43.65,5
675,1,"1,164.00",5
675,9,33.00,2
675,17,43.65,5
675,25,139.00,3
675,34,27.00,3
676,1,"1,200.00",1
676,6,635.00,1
676,11,"1,650.00",2
676,16,27.16,5
676,21,53.35,6
676,32,32.00,3
676,37,189.00,3
677,1,"1,200.00",4
677,7,49.00,1
677,13,67.50,1
677,19,45.59,5
677,25,139.00,3
677,38,166.00,2
678,1,"1,200.00",2
678,6,635.00,1
678,11,"1,650.00",2
678,16,28.00,2
678,21,53.35,5
678,26,125.00,3
678,39,175.00,1
679,1,"1,164.00",5
679,6,635.00,3
679,11,"1,650.00",4
679,16,28.00,3
679,21,55.00,2
679,26,121.25,5
679,31,21.34,6
679,39,175.00,3
680,8,48.50,6
680,14,139.95,4
680,20,15.00,3
680,26,125.00,1
680,32,32.00,1
680,38,166.00,4
681,16,28.00,1
681,21,55.00,1
681,26,121.25,5
681,40,180.00,4
682,1,"1,164.00",5
682,7,49.00,2
682,12,23.50,3
682,17,45.00,4
682,22,82.00,2
682,27,24.00,4
682,32,32.00,4
682,37,189.00,4
683,26,125.00,3
684,1,"1,200.00",3
684,6,615.95,6
684,11,"1,650.00",3
684,16,28.00,2
684,21,55.00,1
684,26,121.25,6
684,31,22.00,2
684,36,165.00,2
685,1,"1,164.00",5
685,6,615.95,6
685,11,"1,650.00",3
685,16,28.00,3
685,21,53.35,6
685,26,125.00,1
685,37,189.00,2
686,1,"1,164.00",5
686,7,47.53,6
686,13,65.47,6
686,19,47.00,2
686,33,19.00,1
686,39,175.00,4
687,1,"1,200.00",4
687,7,49.00,4
687,13,67.50,4
687,29,34.00,2
687,35,39.00,4
688,1,"1,200.00",4
688,9,32.01,6
688,17,45.00,2
688,25,134.83,6
688,39,169.75,5
690,1,"1,200.00",4
690,11,"1,650.00",1
690,21,55.00,2
690,31,22.00,1
691,1,"1,164.00",5
691,6,615.95,6
691,11,"1,650.00",2
691,18,179.00,3
691,28,28.13,5
691,33,19.00,3
691,38,161.02,6
692,9,33.00,4
692,29,32.98,5
693,1,"1,200.00",4
693,11,"1,650.00",3
693,21,55.00,3
693,31,22.00,1
694,1,"1,200.00",1
694,7,49.00,4
694,13,67.50,1
694,19,47.00,2
694,34,27.00,1
694,40,174.60,5
695,1,"1,164.00",6
695,24,69.00,2
696,1,"1,164.00",6
696,6,635.00,2
696,11,"1,650.00",3
696,20,14.55,6
696,25,139.00,2
696,30,43.65,6
696,35,37.83,6
696,40,174.60,6
697,1,"1,200.00",3
697,20,15.00,2
697,33,19.00,3
698,9,33.00,2
698,17,45.00,1
698,25,134.83,6
698,40,180.00,2
699,9,33.00,1
699,19,45.59,5
699,29,34.00,2
699,39,175.00,1
700,1,"1,200.00",3
700,28,29.00,2
701,19,45.59,5
701,29,32.98,5
701,39,175.00,3
702,1,"1,200.00",4
702,6,635.00,1
702,16,27.16,6
702,21,55.00,3
702,26,125.00,4
702,31,22.00,2
702,36,165.00,4
703,20,15.00,2
703,40,180.00,3
704,1,"1,200.00",1
704,21,53.35,5
705,21,53.35,6
705,36,165.00,2
706,8,50.00,3
706,18,173.63,6
706,28,28.13,6
706,38,161.02,6
707,25,139.00,4
708,1,"1,200.00",1
708,6,635.00,3
708,13,65.47,5
708,18,179.00,1
708,28,28.13,5
708,33,18.43,6
708,38,161.02,6
709,7,49.00,1
709,12,23.50,1
709,17,43.65,6
709,22,82.00,3
709,27,24.00,3
709,32,32.00,2
709,37,183.33,5
710,1,"1,164.00",6
710,9,33.00,2
710,17,45.00,2
710,25,139.00,1
710,33,19.00,2
711,1,"1,200.00",1
711,6,615.95,5
711,14,139.95,3
711,19,45.59,5
711,24,69.00,2
711,29,34.00,3
711,34,27.00,2
711,39,169.75,5
712,1,"1,200.00",3
712,9,33.00,2
712,17,43.65,6
712,25,139.00,2
712,35,39.00,1
713,25,134.83,6
714,1,"1,164.00",6
714,6,635.00,3
714,11,"1,650.00",2
714,16,28.00,3
714,21,55.00,1
714,26,125.00,2
714,31,21.34,6
714,37,189.00,1
715,1,"1,200.00",1
715,7,49.00,2
715,13,65.47,5
715,19,47.00,4
715,25,139.00,3
715,37,183.33,6
716,17,45.00,2
716,37,189.00,4
717,1,"1,200.00",3
717,7,47.53,5
717,13,67.50,4
717,19,45.59,5
717,29,32.98,5
717,35,37.83,5
718,12,22.80,6
718,25,134.83,5
718,38,166.00,1
719,1,"1,200.00",1
719,22,79.54,6
719,35,39.00,4
720,9,33.00,4
720,22,79.54,6
720,35,37.83,6
721,9,32.01,5
721,17,43.65,6
721,25,139.00,3
721,37,183.33,5
722,1,"1,164.00",5
722,11,"1,600.50",5
722,33,18.43,5
723,9,33.00,4
723,21,53.35,6
723,29,34.00,2
723,37,189.00,4
724,1,"1,200.00",4
724,9,33.00,1
724,18,179.00,2
724,26,125.00,1
724,34,27.00,3
725,1,"1,164.00",5
725,21,53.35,5
726,3,75.00,2
726,8,48.50,5
726,13,65.47,6
726,18,179.00,1
726,28,28.13,5
726,33,19.00,1
727,1,"1,200.00",1
727,6,635.00,4
727,11,"1,650.00",2
727,16,28.00,1
727,21,55.00,4
727,34,26.19,6
727,39,169.75,6
728,9,33.00,3
728,22,82.00,1
728,35,39.00,1
729,1,"1,164.00",6
729,14,135.75,5
729,40,180.00,2
730,1,"1,200.00",4
730,9,32.01,5
730,17,43.65,6
730,35,39.00,4
731,1,"1,164.00",5
731,13,67.50,1
731,19,47.00,1
731,25,139.00,4
731,31,22.00,4
731,37,189.00,3
732,18,179.00,2
732,28,29.00,2
732,33,19.00,1
732,38,166.00,3
733,8,50.00,1
733,16,27.16,5
733,24,69.00,1
733,32,32.00,3
733,40,180.00,4
734,1,"1,200.00",4
735,1,"1,200.00",2
735,7,49.00,4
735,13,67.50,1
735,19,47.00,4
735,34,27.00,2
735,40,180.00,4
736,17,43.65,6
736,27,24.00,4
736,37,183.33,5
737,30,43.65,6
738,1,"1,200.00",2
738,11,"1,600.50",6
738,21,55.00,4
738,34,26.19,6
739,26,121.25,5
740,1,"1,164.00",6
740,6,615.95,5
740,11,"1,650.00",4
740,16,28.00,2
740,28,29.00,2
740,33,18.43,5
740,38,166.00,4
741,2,"1,800.00",4
741,8,48.50,5
741,14,139.95,1
741,20,15.00,1
741,26,121.25,5
741,32,32.00,2
742,5,7.45,1
742,13,65.47,6
742,21,55.00,2
742,29,32.98,5
742,37,183.33,5
743,1,"1,200.00",3
743,11,"1,600.50",5
743,25,139.00,4
743,35,39.00,3
744,1,"1,164.00",6
744,6,635.00,3
744,11,"1,650.00",3
744,16,28.00,1
744,21,55.00,2
744,26,121.25,6
744,31,22.00,1
744,38,166.00,4
745,1,"1,200.00",4
745,6,635.00,3
745,11,"1,650.00",2
745,19,47.00,3
745,24,69.00,3
745,29,32.98,6
745,34,27.00,3
745,39,175.00,3
746,1,"1,200.00",3
746,7,49.00,4
746,13,65.47,6
746,26,125.00,3
746,32,32.00,4
746,38,161.02,5
747,1,"1,164.00",6
747,7,47.53,5
747,13,65.47,5
747,19,47.00,2
747,25,134.83,5
747,35,39.00,2
748,5,7.45,4
748,13,65.47,6
748,21,53.35,6
748,29,32.98,5
748,37,189.00,4
749,8,50.00,4
750,1,"1,200.00",1
750,6,635.00,2
750,15,4.99,4
750,20,15.00,3
750,25,139.00,4
750,30,45.00,4
750,35,37.83,5
750,40,180.00,1
751,1,"1,164.00",6
751,9,33.00,4
751,17,43.65,5
751,32,32.00,3
751,40,180.00,1
752,1,"1,200.00",2
752,6,635.00,1
752,11,"1,650.00",2
752,16,28.00,1
752,21,55.00,3
752,26,125.00,3
752,34,27.00,3
752,39,169.75,6
754,38,166.00,3
755,6,615.95,5
755,11,"1,650.00",1
755,16,27.16,5
755,21,53.35,6
755,26,121.25,6
755,31,21.34,5
755,36,160.05,5
756,1,"1,200.00",1
756,26,125.00,2
756,39,175.00,2
757,1,"1,200.00",4
757,6,635.00,2
757,11,"1,650.00",4
757,16,27.16,5
757,21,55.00,1
757,35,39.00,1
757,40,180.00,4
758,28,28.13,6
759,8,50.00,4
759,21,55.00,2
759,34,26.19,6
760,1,"1,200.00",1
760,6,635.00,1
760,11,"1,600.50",5
760,21,53.35,6
760,26,125.00,4
760,31,22.00,3
760,36,160.05,6
761,1,"1,200.00",1
761,7,47.53,6
761,13,65.47,5
761,19,47.00,2
761,25,139.00,2
761,38,161.02,5
762,1,"1,164.00",5
762,6,635.00,4
762,11,"1,600.50",6
762,16,28.00,4
762,21,55.00,2
762,26,125.00,4
762,31,22.00,2
762,36,160.05,6
763,1,"1,200.00",3
763,36,165.00,1
764,13,65.47,5
764,33,19.00,4
765,1,"1,200.00",4
765,9,33.00,1
765,17,43.65,6
765,25,139.00,2
765,33,18.43,5
766,1,"1,164.00",5
766,36,165.00,1
767,1,"1,200.00",4
767,7,47.53,5
767,13,67.50,3
767,19,47.00,2
767,25,139.00,1
767,39,175.00,4
768,17,45.00,3
769,1,"1,164.00",6
769,6,615.95,5
769,11,"1,650.00",4
769,16,27.16,6
769,21,55.00,1
769,26,121.25,5
769,31,21.34,5
769,36,165.00,1
770,10,36.00,4
771,1,"1,164.00",6
771,33,19.00,2
772,1,"1,200.00",1
772,11,"1,600.50",6
772,26,125.00,4
772,36,165.00,1
773,24,66.93,6
774,1,"1,200.00",2
774,9,33.00,3
774,19,47.00,4
774,27,24.00,2
774,35,39.00,4
775,3,75.00,3
775,9,33.00,1
775,15,4.99,4
775,21,53.35,6
775,27,23.28,6
775,33,19.00,4
776,1,"1,164.00",6
776,11,"1,600.50",5
776,21,55.00,4
776,36,165.00,1
777,1,"1,200.00",1
777,18,179.00,3
777,28,29.00,4
777,38,166.00,1
778,14,135.75,6
778,27,23.28,6
778,40,180.00,2
779,9,33.00,1
779,14,135.75,5
779,19,47.00,2
779,24,69.00,2
779,29,34.00,2
779,34,27.00,1
779,39,175.00,2
780,5,7.45,1
780,10,34.92,5
780,15,4.99,1
780,20,15.00,3
780,25,139.00,2
780,30,43.65,6
780,35,37.83,5
780,40,174.60,6
781,1,"1,200.00",3
781,9,33.00,2
781,17,45.00,2
781,25,139.00,2
781,36,160.05,6
782,39,169.75,5
783,2,"1,800.00",3
783,10,34.92,6
783,18,173.63,5
783,26,125.00,4
783,34,27.00,3
784,1,"1,164.00",5
784,14,139.95,4
784,38,166.00,1
785,1,"1,164.00",6
785,14,139.95,4
785,35,39.00,3
786,16,28.00,3
786,21,55.00,4
786,35,39.00,1
786,40,174.60,5
787,1,"1,200.00",2
787,6,615.95,6
787,11,"1,650.00",4
787,16,27.16,5
787,21,55.00,2
787,27,24.00,1
787,32,31.04,5
787,37,189.00,4
788,1,"1,200.00",2
788,11,"1,650.00",1
788,21,55.00,3
788,35,39.00,3
789,1,"1,200.00",3
789,17,45.00,4
789,27,24.00,3
789,37,183.33,6
790,1,"1,200.00",4
790,7,49.00,1
790,13,67.50,2
790,19,45.59,6
790,25,139.00,3
790,40,180.00,3
791,1,"1,200.00",2
791,14,135.75,6
791,40,180.00,4
792,1,"1,200.00",4
792,35,37.83,6
793,9,33.00,2
793,22,79.54,5
793,35,39.00,4
794,1,"1,164.00",5
794,26,125.00,4
794,39,175.00,3
795,1,"1,200.00",1
795,22,82.00,4
795,35,37.83,6
796,1,"1,176.00",4
796,14,133.04,6
796,34,26.46,3
797,1,"1,200.00",3
797,6,635.00,4
797,11,"1,650.00",2
797,16,27.16,5
797,21,55.00,4
797,26,125.00,3
797,31,22.00,2
797,36,165.00,2
798,7,47.53,5
798,13,67.50,2
798,29,32.98,5
798,35,39.00,1
799,1,"1,200.00",1
799,7,49.00,1
799,13,65.47,6
799,19,47.00,4
799,30,45.00,4
799,36,160.05,6
800,1,"1,200.00",2
800,17,43.65,6
800,27,24.00,1
800,37,189.00,4
801,1,"1,200.00",4
801,16,27.16,6
801,22,79.54,6
801,28,28.13,6
801,34,26.19,6
801,40,180.00,4
802,9,33.00,1
802,29,34.00,1
803,18,179.00,3
803,38,161.02,5
804,5,7.45,3
804,11,"1,600.50",5
804,17,43.65,5
804,29,34.00,1
804,35,39.00,1
805,1,"1,164.00",6
805,14,139.95,3
805,30,45.00,2
806,1,"1,200.00",4
806,9,33.00,2
806,17,43.65,6
806,31,21.34,5
806,39,175.00,3
807,1,"1,200.00",4
807,11,"1,650.00",2
807,24,66.93,5
807,34,26.19,6
808,9,33.00,3
808,22,82.00,4
808,35,39.00,3
809,1,"1,200.00",2
809,7,49.00,1
809,17,45.00,2
809,29,34.00,1
809,35,37.83,5
810,15,4.99,3
810,25,139.00,2
810,35,39.00,3
811,16,27.16,6
811,36,160.05,6
812,1,"1,164.00",5
812,17,45.00,3
812,27,23.28,5
812,37,189.00,1
813,1,"1,164.00",5
813,6,635.00,1
813,11,"1,650.00",4
813,16,28.00,2
813,21,53.35,6
813,26,125.00,3
813,31,22.00,2
813,36,165.00,3
814,9,33.00,1
815,6,615.95,5
815,11,"1,650.00",4
815,16,28.00,2
815,21,53.35,6
815,26,125.00,3
815,31,21.34,5
815,36,165.00,4
817,16,28.00,2
817,25,139.00,4
817,30,43.65,6
817,35,39.00,3
817,40,180.00,3
818,1,"1,200.00",2
818,9,33.00,2
818,17,43.65,6
818,37,189.00,4
819,1,"1,200.00",1
819,6,635.00,3
819,11,"1,650.00",3
819,16,27.16,5
819,21,55.00,2
819,26,121.25,6
819,40,180.00,1
820,24,66.93,6
821,1,"1,200.00",3
821,31,22.00,4
822,1,"1,200.00",1
822,9,32.01,6
822,17,45.00,2
822,25,139.00,4
822,33,19.00,3
823,29,34.00,2
824,1,"1,164.00",5
824,22,79.54,5
825,1,"1,200.00",1
825,24,66.93,6
825,37,189.00,2
826,1,"1,200.00",4
826,7,49.00,3
826,13,65.47,6
826,19,45.59,5
826,25,139.00,2
826,31,21.34,6
827,5,7.45,2
827,13,67.50,2
827,21,55.00,4
827,29,34.00,1
827,37,189.00,4
828,1,"1,200.00",4
828,7,49.00,4
828,13,65.47,5
828,19,47.00,2
828,25,139.00,4
828,40,180.00,2
829,1,"1,200.00",2
829,7,47.53,5
829,13,67.50,3
829,19,47.00,3
829,32,32.00,4
829,38,166.00,3
830,1,"1,200.00",3
830,37,183.33,5
831,1,"1,200.00",4
831,16,28.00,4
831,29,34.00,3
832,39,175.00,1
833,1,"1,200.00",2
833,9,33.00,2
833,17,45.00,4
833,27,23.28,5
833,35,39.00,1
834,7,47.53,6
834,12,23.50,3
834,17,43.65,6
834,22,82.00,3
834,27,24.00,4
834,32,31.04,6
834,37,189.00,4
835,1,"1,164.00",6
835,19,45.59,5
835,32,31.04,6
836,6,615.95,6
836,16,27.16,6
836,26,125.00,3
836,36,165.00,2
837,1,"1,164.00",6
837,11,"1,600.50",6
837,21,53.35,6
837,35,37.83,5
838,1,"1,200.00",1
838,6,635.00,3
838,11,"1,600.50",6
838,16,28.00,3
838,28,29.00,4
838,33,19.00,1
838,38,166.00,4
839,1,"1,164.00",6
839,9,33.00,2
839,21,55.00,3
839,29,34.00,1
839,37,189.00,1
840,13,67.50,4
840,26,125.00,3
840,39,175.00,2
841,1,"1,200.00",4
841,6,635.00,4
841,11,"1,650.00",2
841,16,28.00,3
841,22,82.00,4
841,27,24.00,3
841,32,31.04,6
841,37,189.00,1
842,1,"1,200.00",2
842,26,121.25,6
843,1,"1,200.00",2
843,24,69.00,3
844,1,"1,200.00",3
844,11,"1,650.00",2
844,21,53.35,5
844,34,27.00,4
845,18,179.00,4
846,5,7.23,6
846,13,67.50,1
846,21,55.00,3
846,29,34.00,4
846,37,189.00,4
847,1,"1,164.00",5
847,6,635.00,4
847,11,"1,650.00",3
847,16,28.00,4
847,21,55.00,4
847,35,39.00,1
847,40,180.00,3
848,1,"1,200.00",2
848,9,33.00,4
848,17,45.00,1
848,29,34.00,4
848,37,189.00,1
849,1,"1,164.00",6
849,27,23.28,6
850,16,28.00,1
850,21,53.35,5
850,34,27.00,1
850,39,175.00,3
851,9,33.00,4
851,14,139.95,3
851,19,47.00,1
851,24,66.93,5
851,29,32.98,5
851,34,27.00,2
851,39,175.00,2
852,1,"1,200.00",2
852,6,615.95,5
852,11,"1,600.50",5
852,16,28.00,1
852,21,55.00,4
852,26,125.00,3
852,40,174.60,6
853,1,"1,164.00",5
853,6,615.95,6
853,11,"1,650.00",2
853,16,28.00,3
853,21,55.00,3
853,31,21.34,5
853,36,160.05,5
854,2,"1,746.00",5
855,35,39.00,3
856,1,"1,200.00",2
856,7,49.00,1
856,13,65.47,5
856,19,47.00,4
856,34,26.19,5
856,40,180.00,3
857,25,139.00,1
858,1,"1,200.00",1
858,19,47.00,2
858,29,34.00,1
858,39,169.75,6
859,6,635.00,4
859,19,47.00,1
859,32,31.04,6
860,7,49.00,1
860,13,67.50,1
860,19,47.00,3
860,25,139.00,1
860,35,37.83,5
861,1,"1,164.00",5
861,12,23.50,4
861,17,45.00,4
861,22,79.54,6
861,27,23.28,5
861,32,32.00,2
861,37,189.00,2
862,2,"1,746.00",6
862,12,22.80,5
862,22,82.00,2
862,32,32.00,2
863,1,"1,164.00",5
864,1,"1,200.00",2
864,6,615.95,6
864,11,"1,650.00",1
864,16,28.00,1
864,21,53.35,6
864,26,125.00,4
864,31,22.00,2
864,37,189.00,3
865,1,"1,200.00",2
865,6,635.00,4
865,11,"1,650.00",3
865,16,28.00,1
865,21,55.00,3
865,26,121.25,6
865,31,22.00,3
865,38,166.00,4
866,25,134.83,5
867,1,"1,200.00",2
867,9,32.01,6
867,17,45.00,3
867,25,134.83,5
867,39,175.00,2
868,7,49.00,1
868,17,43.65,5
868,27,24.00,2
868,37,183.33,5
869,1,"1,200.00",2
869,38,166.00,2
870,1,"1,164.00",6
870,11,"1,600.50",6
870,19,45.59,5
870,27,24.00,4
870,35,37.83,6
871,1,"1,140.72",5
871,15,4.89,4
871,31,21.56,1
871,39,171.50,3
872,1,"1,200.00",2
872,6,635.00,3
872,11,"1,600.50",5
872,16,27.16,6
872,21,55.00,4
872,26,121.25,6
872,33,19.00,2
872,38,166.00,3
873,1,"1,200.00",3
873,11,"1,650.00",2
873,24,69.00,2
873,34,26.19,5
874,1,"1,200.00",3
874,18,173.63,6
874,28,29.00,4
874,38,166.00,3
875,16,28.00,2
875,36,165.00,3
876,12,23.50,1
876,25,139.00,4
876,38,166.00,2
877,24,69.00,2
878,1,"1,164.00",5
878,14,139.95,3
878,33,19.00,3
879,1,"1,164.00",5
879,11,"1,600.50",6
879,21,55.00,3
879,34,26.19,6
880,1,"1,200.00",4
880,33,19.00,4
881,1,"1,200.00",1
881,14,139.95,3
881,19,47.00,4
881,24,66.93,6
881,29,32.98,6
881,34,27.00,1
881,39,175.00,2
882,1,"1,200.00",3
882,15,4.84,5
882,31,22.00,3
882,39,175.00,3
883,1,"1,164.00",6
883,7,49.00,3
883,13,67.50,4
883,19,47.00,1
883,32,32.00,1
883,38,166.00,1
884,1,"1,200.00",2
885,13,67.50,2
885,33,19.00,2
886,9,32.01,6
886,14,135.75,5
886,19,47.00,3
886,24,66.93,6
886,29,32.98,6
886,34,27.00,1
886,39,169.75,5
887,16,28.00,4
887,21,55.00,3
887,26,125.00,1
887,31,22.00,2
887,40,174.60,6
888,1,"1,164.00",6
888,12,23.50,2
888,20,15.00,2
888,28,28.13,6
888,36,165.00,3
889,29,34.00,4
890,38,166.00,2
891,1,"1,164.00",5
891,6,635.00,2
891,11,"1,650.00",1
891,16,28.00,1
891,21,55.00,3
891,26,121.25,6
891,31,22.00,4
891,36,165.00,1
892,35,39.00,4
893,9,33.00,1
893,22,82.00,4
893,35,37.83,5
894,1,"1,200.00",3
894,38,166.00,2
895,1,"1,200.00",2
895,6,615.95,6
895,11,"1,600.50",6
895,28,28.13,5
895,33,19.00,3
895,38,166.00,1
896,1,"1,164.00",5
896,9,33.00,1
896,17,45.00,4
896,29,34.00,1
896,37,189.00,3
897,10,36.00,1
897,16,27.16,5
897,22,79.54,6
897,28,29.00,2
897,34,27.00,2
897,40,174.60,6
898,26,121.25,6
899,1,"1,200.00",3
899,14,139.95,4
899,19,45.59,5
899,24,69.00,4
899,29,34.00,3
899,34,26.19,5
899,39,175.00,1
900,1,"1,200.00",1
900,11,"1,650.00",3
900,21,53.35,6
900,31,21.34,5
901,1,"1,200.00",2
901,9,33.00,1
901,31,22.00,2
901,39,175.00,4
902,2,"1,800.00",4
902,22,79.54,5
903,1,"1,200.00",3
903,9,32.01,6
903,17,43.65,5
903,25,134.83,5
903,40,180.00,3
904,1,"1,140.72",6
904,9,32.34,4
904,17,44.10,1
904,30,44.10,4
904,38,162.68,2
905,1,"1,200.00",2
905,10,36.00,4
905,15,4.99,4
905,20,14.55,6
905,25,134.83,5
905,30,45.00,3
905,35,37.83,5
905,40,180.00,4
906,1,"1,200.00",2
906,7,49.00,1
906,13,67.50,4
906,19,47.00,4
906,25,139.00,1
906,39,175.00,2
907,9,33.00,3
907,22,79.54,6
907,35,39.00,1
908,1,"1,200.00",1
908,19,45.59,5
908,32,32.00,1
909,1,"1,200.00",1
909,11,"1,650.00",4
909,21,55.00,1
909,33,18.43,5
910,1,"1,200.00",1
910,6,615.95,5
910,11,"1,650.00",3
910,16,27.16,5
910,21,53.35,6
910,26,121.25,5
910,31,22.00,2
910,36,165.00,2
911,14,135.75,5
911,34,27.00,1
912,1,"1,164.00",5
912,7,49.00,4
912,22,82.00,2
912,28,29.00,4
912,34,27.00,3
912,40,180.00,4
913,1,"1,200.00",2
913,28,28.13,5
914,21,55.00,1
915,16,28.00,1
916,7,49.00,1
916,13,65.47,5
916,19,45.59,5
916,25,134.83,6
916,31,22.00,1
916,37,189.00,2
917,1,"1,200.00",4
917,9,33.00,1
917,17,43.65,6
917,25,134.83,5
917,35,39.00,1
918,36,165.00,4
919,1,"1,200.00",1
919,6,615.95,5
919,11,"1,650.00",1
919,22,82.00,2
919,27,23.28,5
919,32,31.04,6
919,37,183.33,6
920,5,7.23,5
921,1,"1,200.00",4
921,11,"1,650.00",1
921,21,55.00,2
921,31,22.00,1
922,1,"1,164.00",5
922,9,33.00,4
922,17,45.00,3
922,25,139.00,2
922,33,18.43,6
923,5,7.45,2
923,10,34.92,6
923,15,4.99,2
923,20,15.00,4
923,25,139.00,4
923,30,43.65,6
923,35,39.00,3
924,1,"1,200.00",3
924,39,175.00,1
925,6,635.00,2
925,12,22.80,6
925,18,179.00,4
925,24,66.93,6
925,30,43.65,5
925,36,165.00,1
926,1,"1,200.00",4
926,6,635.00,4
926,20,15.00,2
926,25,134.83,6
926,30,45.00,2
926,35,37.83,5
926,40,180.00,1
927,8,50.00,1
927,16,27.16,6
927,24,66.93,5
927,32,32.00,1
927,40,174.60,5
928,7,47.53,6
928,17,43.65,5
928,27,24.00,1
928,37,183.33,5
929,1,"1,200.00",3
929,14,139.95,1
929,36,160.05,6
930,20,15.00,1
931,20,15.00,3
931,40,180.00,1
932,1,"1,200.00",1
932,17,45.00,2
932,30,45.00,4
933,1,"1,164.00",6
933,27,24.00,2
934,7,49.00,2
934,15,4.84,6
934,31,22.00,4
934,39,175.00,4
935,1,"1,200.00",3
935,11,"1,650.00",1
935,22,82.00,2
935,32,32.00,3
936,1,"1,164.00",5
936,9,33.00,4
936,20,15.00,1
936,28,29.00,2
936,36,165.00,1
937,1,"1,164.00",6
937,7,49.00,3
937,13,67.50,1
937,19,47.00,1
937,31,22.00,3
937,37,189.00,1
938,1,"1,164.00",5
938,7,49.00,3
938,13,67.50,2
938,19,45.59,6
938,31,22.00,4
939,6,635.00,1
939,14,139.95,2
939,22,79.54,5
939,30,43.65,6
939,38,166.00,2
940,1,"1,200.00",2
940,6,635.00,2
940,11,"1,650.00",4
940,16,28.00,4
940,21,55.00,2
940,26,121.25,5
940,34,26.19,6
940,39,169.75,6
941,1,"1,200.00",2
941,6,635.00,1
941,11,"1,650.00",2
941,16,28.00,2
941,29,34.00,3
941,34,27.00,2
941,39,169.75,5
942,1,"1,200.00",2
942,14,135.75,6
942,38,166.00,4
943,1,"1,200.00",1
943,9,33.00,1
943,17,45.00,1
943,26,121.25,6
943,34,27.00,2
944,1,"1,164.00",6
944,9,33.00,3
944,17,43.65,6
944,32,32.00,2
944,40,180.00,2
