OrderNumber,OrderDate,ShipDate,CustomerID,EmployeeID,OrderTotal
1,02/09/2017,01/09/2017,1018,707,"12,751.85"
2,02/09/2017,04/09/2017,1001,703,816.00
3,02/09/2017,05/09/2017,1002,707,"11,912.45"
4,02/09/2017,04/09/2017,1009,703,"6,601.73"
5,02/09/2017,02/09/2017,1024,708,"5,544.75"
6,02/09/2017,06/09/2017,1014,702,"9,820.29"
7,02/09/2017,05/09/2017,1001,708,467.85
8,02/09/2017,02/09/2017,1003,703,"1,492.60"
9,02/09/2017,05/09/2017,1007,708,69.00
10,02/09/2017,05/09/2017,1012,701,"2,607.00"
11,03/09/2017,05/09/2017,1020,706,"11,070.65"
12,03/09/2017,06/09/2017,1024,706,72.00
13,03/09/2017,03/09/2017,1024,704,"7,545.00"
14,03/09/2017,04/09/2017,1013,704,"6,819.90"
15,03/09/2017,07/09/2017,1004,701,"2,974.25"
16,03/09/2017,07/09/2017,1001,707,"2,007.54"
17,03/09/2017,04/09/2017,1014,702,"4,834.98"
18,03/09/2017,04/09/2017,1016,708,807.80
19,03/09/2017,07/09/2017,1027,707,"15,278.98"
20,03/09/2017,03/09/2017,1011,706,"4,699.98"
21,04/09/2017,04/09/2017,1014,702,709.97
22,04/09/2017,08/09/2017,1026,702,"6,456.16"
23,04/09/2017,05/09/2017,1017,705,"16,331.91"
24,04/09/2017,06/09/2017,1010,705,864.85
25,04/09/2017,05/09/2017,1017,708,"10,142.15"
26,05/09/2017,09/09/2017,1013,707,"7,266.93"
27,05/09/2017,06/09/2017,1014,703,"8,002.75"
28,05/09/2017,09/09/2017,1004,703,335.68
29,05/09/2017,09/09/2017,1015,707,664.00
30,05/09/2017,09/09/2017,1010,708,"7,268.98"
31,06/09/2017,10/09/2017,1014,701,162.96
32,06/09/2017,10/09/2017,1012,704,"8,743.63"
33,06/09/2017,07/09/2017,1024,704,"2,369.53"
34,07/09/2017,08/09/2017,1010,705,411.28
35,07/09/2017,07/09/2017,1012,701,"5,095.15"
36,07/09/2017,08/09/2017,1007,705,7.45
37,08/09/2017,12/09/2017,1027,702,"1,718.78"
38,08/09/2017,12/09/2017,1017,702,700.00
39,08/09/2017,11/09/2017,1004,704,"20,221.75"
40,08/09/2017,08/09/2017,1017,703,"1,018.15"
41,08/09/2017,08/09/2017,1008,706,"1,723.42"
42,08/09/2017,11/09/2017,1012,704,"6,174.00"
43,08/09/2017,12/09/2017,1020,705,"7,140.68"
44,08/09/2017,09/09/2017,1005,701,"2,365.20"
45,09/09/2017,09/09/2017,1008,708,"17,889.25"
46,09/09/2017,10/09/2017,1018,707,78.00
47,09/09/2017,11/09/2017,1023,708,"5,820.00"
48,09/09/2017,12/09/2017,1004,707,"1,397.88"
49,09/09/2017,09/09/2017,1015,704,"1,254.50"
50,09/09/2017,13/09/2017,1002,704,477.94
51,09/09/2017,09/09/2017,1018,707,"1,200.00"
52,10/09/2017,12/09/2017,1001,701,261.90
53,10/09/2017,10/09/2017,1004,706,"19,615.00"
54,10/09/2017,10/09/2017,1007,707,72.00
55,10/09/2017,12/09/2017,1001,707,36.00
56,10/09/2017,13/09/2017,1014,702,"3,380.80"
57,10/09/2017,11/09/2017,1009,703,"4,214.70"
58,10/09/2017,14/09/2017,1006,701,"3,172.50"
59,10/09/2017,10/09/2017,1004,704,"15,504.60"
60,10/09/2017,14/09/2017,1013,708,"10,135.50"
61,10/09/2017,11/09/2017,1009,706,"4,372.25"
62,11/09/2017,14/09/2017,1003,703,"1,335.50"
63,11/09/2017,14/09/2017,1023,708,"7,032.00"
64,11/09/2017,15/09/2017,1027,708,"8,453.50"
65,11/09/2017,14/09/2017,1021,703,"13,550.10"
66,11/09/2017,12/09/2017,1026,703,"14,541.75"
67,11/09/2017,12/09/2017,1025,702,877.00
68,12/09/2017,13/09/2017,1027,702,273.54
69,12/09/2017,14/09/2017,1021,705,"3,034.25"
70,13/09/2017,17/09/2017,1016,706,595.20
71,13/09/2017,15/09/2017,1016,708,"1,849.80"
72,13/09/2017,17/09/2017,1003,708,"1,484.13"
73,13/09/2017,16/09/2017,1005,705,"7,159.38"
74,13/09/2017,14/09/2017,1002,703,"14,103.50"
75,13/09/2017,15/09/2017,1014,706,"6,691.70"
76,13/09/2017,16/09/2017,1012,703,868.15
77,13/09/2017,14/09/2017,1008,706,"2,157.90"
78,14/09/2017,17/09/2017,1007,701,"13,498.95"
79,14/09/2017,18/09/2017,1006,703,"7,507.00"
80,14/09/2017,17/09/2017,1025,708,"14,394.43"
81,14/09/2017,14/09/2017,1006,705,"1,018.50"
82,14/09/2017,17/09/2017,1005,701,"12,861.28"
83,14/09/2017,17/09/2017,1021,708,639.00
84,14/09/2017,14/09/2017,1022,707,"1,278.96"
85,14/09/2017,16/09/2017,1015,705,"1,807.60"
86,14/09/2017,17/09/2017,1009,701,"9,285.45"
87,14/09/2017,15/09/2017,1002,704,"6,121.00"
88,15/09/2017,18/09/2017,1026,707,960.30
89,15/09/2017,18/09/2017,1003,703,642.04
90,15/09/2017,16/09/2017,1017,706,57.00
91,15/09/2017,19/09/2017,1010,703,"14,834.25"
92,15/09/2017,18/09/2017,1011,704,"4,433.95"
93,15/09/2017,18/09/2017,1023,707,75.00
94,15/09/2017,15/09/2017,1010,701,"4,134.35"
95,16/09/2017,20/09/2017,1021,704,"9,959.15"
96,16/09/2017,17/09/2017,1025,703,"5,574.00"
97,16/09/2017,19/09/2017,1026,703,"2,584.95"
98,16/09/2017,17/09/2017,1009,706,"4,857.00"
99,16/09/2017,19/09/2017,1002,703,"5,078.00"
100,16/09/2017,17/09/2017,1002,707,"3,844.68"
101,16/09/2017,19/09/2017,1023,707,"1,389.64"
102,16/09/2017,18/09/2017,1010,705,"4,869.81"
103,16/09/2017,17/09/2017,1025,702,"9,373.54"
104,16/09/2017,16/09/2017,1017,708,"4,699.98"
105,17/09/2017,19/09/2017,1005,704,"9,345.15"
106,17/09/2017,21/09/2017,1020,708,128.00
107,17/09/2017,21/09/2017,1001,703,"1,240.40"
108,17/09/2017,20/09/2017,1004,701,88.00
109,17/09/2017,17/09/2017,1013,703,700.00
110,18/09/2017,20/09/2017,1015,708,641.96
111,18/09/2017,22/09/2017,1021,707,"11,811.15"
112,19/09/2017,20/09/2017,1009,703,414.00
113,19/09/2017,23/09/2017,1010,702,"5,744.10"
114,19/09/2017,23/09/2017,1011,706,353.25
115,20/09/2017,22/09/2017,1003,704,799.00
116,20/09/2017,22/09/2017,1004,701,"4,477.65"
117,21/09/2017,23/09/2017,1005,705,"10,579.00"
118,21/09/2017,23/09/2017,1021,708,110.58
119,21/09/2017,21/09/2017,1013,701,"17,607.00"
120,21/09/2017,22/09/2017,1024,702,"3,904.25"
121,21/09/2017,22/09/2017,1025,701,"2,737.83"
122,21/09/2017,25/09/2017,1009,707,"4,633.98"
123,21/09/2017,23/09/2017,1004,704,"4,134.23"
124,22/09/2017,24/09/2017,1007,705,"7,094.58"
125,22/09/2017,22/09/2017,1011,707,"3,951.90"
126,23/09/2017,25/09/2017,1016,708,"2,417.89"
127,23/09/2017,26/09/2017,1009,705,"8,383.15"
128,23/09/2017,27/09/2017,1022,708,377.33
129,23/09/2017,23/09/2017,1007,708,69.00
130,23/09/2017,25/09/2017,1011,705,"10,388.68"
131,23/09/2017,23/09/2017,1014,706,"7,164.00"
132,23/09/2017,26/09/2017,1007,705,"3,316.65"
133,23/09/2017,23/09/2017,1027,706,66.00
134,23/09/2017,25/09/2017,1003,703,"2,291.58"
135,24/09/2017,27/09/2017,1005,701,"4,404.15"
136,24/09/2017,27/09/2017,1008,707,"11,845.50"
137,24/09/2017,24/09/2017,1001,706,"1,235.65"
138,25/09/2017,28/09/2017,1001,702,"1,122.70"
139,25/09/2017,27/09/2017,1024,704,128.00
140,25/09/2017,25/09/2017,1002,706,"16,779.75"
141,25/09/2017,28/09/2017,1014,706,"3,696.04"
142,26/09/2017,30/09/2017,1018,702,"3,624.00"
143,26/09/2017,29/09/2017,1021,706,180.00
144,26/09/2017,30/09/2017,1018,704,"7,846.50"
145,27/09/2017,01/10/2017,1027,701,"4,260.00"
146,27/09/2017,27/09/2017,1021,708,358.00
147,27/09/2017,27/09/2017,1026,708,"4,178.73"
148,27/09/2017,01/10/2017,1027,704,"8,742.55"
149,28/09/2017,29/09/2017,1004,707,"5,298.00"
150,28/09/2017,28/09/2017,1024,701,"10,572.75"
151,28/09/2017,29/09/2017,1001,707,276.00
152,29/09/2017,03/10/2017,1017,704,"6,067.40"
153,30/09/2017,01/10/2017,1003,702,"1,328.95"
154,30/09/2017,03/10/2017,1001,703,"1,360.05"
155,30/09/2017,04/10/2017,1004,703,"1,044.00"
156,30/09/2017,01/10/2017,1004,703,"9,004.75"
157,30/09/2017,02/10/2017,1010,707,"16,926.10"
158,30/09/2017,04/10/2017,1021,705,320.10
159,30/09/2017,04/10/2017,1005,707,"1,104.60"
160,01/10/2017,01/10/2017,1021,706,"11,569.25"
161,01/10/2017,01/10/2017,1011,707,"3,088.00"
162,01/10/2017,02/10/2017,1021,704,"8,024.50"
163,01/10/2017,01/10/2017,1004,707,"8,359.59"
164,02/10/2017,05/10/2017,1021,707,"7,318.65"
165,03/10/2017,03/10/2017,1017,702,"21,674.63"
166,04/10/2017,07/10/2017,1022,706,"1,904.69"
167,04/10/2017,04/10/2017,1017,706,"7,386.94"
168,04/10/2017,06/10/2017,1027,706,"1,882.65"
169,04/10/2017,07/10/2017,1025,708,"2,181.92"
170,05/10/2017,05/10/2017,1004,704,"5,309.75"
171,05/10/2017,06/10/2017,1026,707,664.00
172,05/10/2017,08/10/2017,1018,704,"5,891.00"
173,05/10/2017,05/10/2017,1015,704,472.98
174,05/10/2017,09/10/2017,1006,703,"7,149.00"
175,05/10/2017,08/10/2017,1013,706,"15,909.66"
176,05/10/2017,05/10/2017,1025,701,"1,671.53"
177,05/10/2017,09/10/2017,1008,706,"5,755.00"
178,05/10/2017,08/10/2017,1022,702,927.25
179,05/10/2017,09/10/2017,1017,708,"10,745.71"
180,06/10/2017,09/10/2017,1015,708,760.00
181,06/10/2017,06/10/2017,1017,708,"5,759.58"
182,06/10/2017,07/10/2017,1002,702,"11,539.75"
183,06/10/2017,06/10/2017,1020,708,"4,517.19"
184,06/10/2017,10/10/2017,1023,707,"14,414.50"
185,06/10/2017,10/10/2017,1017,702,"5,938.00"
186,06/10/2017,06/10/2017,1002,704,321.38
187,07/10/2017,08/10/2017,1022,702,624.68
188,07/10/2017,08/10/2017,1002,706,"7,362.00"
189,07/10/2017,08/10/2017,1012,702,808.26
190,07/10/2017,11/10/2017,1024,708,197.88
191,07/10/2017,08/10/2017,1015,701,"1,552.43"
192,07/10/2017,10/10/2017,1022,702,"1,293.14"
193,07/10/2017,07/10/2017,1025,708,"6,137.90"
194,07/10/2017,09/10/2017,1017,708,"4,406.79"
195,08/10/2017,11/10/2017,1025,703,700.00
196,08/10/2017,12/10/2017,1009,707,"3,421.48"
197,08/10/2017,11/10/2017,1002,703,179.00
198,08/10/2017,10/10/2017,1002,703,0.00
199,08/10/2017,10/10/2017,1008,707,"1,002.20"
200,08/10/2017,09/10/2017,1026,706,"7,551.98"
201,08/10/2017,09/10/2017,1018,701,43.38
202,08/10/2017,10/10/2017,1020,705,525.00
203,09/10/2017,09/10/2017,1023,708,"6,057.45"
204,09/10/2017,09/10/2017,1026,701,334.65
205,09/10/2017,13/10/2017,1006,706,"17,794.64"
206,09/10/2017,13/10/2017,1021,704,"4,247.80"
207,09/10/2017,11/10/2017,1015,704,647.80
208,10/10/2017,12/10/2017,1019,704,"1,828.75"
209,11/10/2017,12/10/2017,1002,703,289.00
210,11/10/2017,13/10/2017,1024,701,"12,508.28"
211,11/10/2017,14/10/2017,1014,701,"3,079.75"
212,11/10/2017,12/10/2017,1007,704,150.00
213,12/10/2017,13/10/2017,1001,707,492.96
214,12/10/2017,12/10/2017,1021,703,"1,470.32"
215,12/10/2017,12/10/2017,1002,708,"6,297.58"
216,12/10/2017,12/10/2017,1016,707,0.00
217,13/10/2017,15/10/2017,1020,703,"9,687.00"
218,13/10/2017,16/10/2017,1014,707,"7,183.40"
219,13/10/2017,14/10/2017,1018,706,"3,300.64"
220,13/10/2017,15/10/2017,1014,705,"14,137.66"
221,13/10/2017,15/10/2017,1008,705,"2,633.21"
222,13/10/2017,17/10/2017,1007,703,"8,749.95"
223,13/10/2017,16/10/2017,1025,708,"17,005.00"
224,13/10/2017,16/10/2017,1011,705,"6,775.06"
225,14/10/2017,14/10/2017,1017,704,"5,140.20"
226,14/10/2017,16/10/2017,1023,705,510.00
227,15/10/2017,18/10/2017,1006,704,"11,126.18"
228,16/10/2017,16/10/2017,1017,701,45.00
229,16/10/2017,19/10/2017,1024,707,"3,686.00"
230,16/10/2017,20/10/2017,1008,708,727.50
231,16/10/2017,18/10/2017,1016,706,"1,544.78"
232,16/10/2017,17/10/2017,1017,703,"1,676.15"
233,17/10/2017,19/10/2017,1014,708,"4,001.58"
234,17/10/2017,20/10/2017,1010,702,402.00
235,17/10/2017,20/10/2017,1015,705,657.00
236,18/10/2017,20/10/2017,1021,704,"1,678.33"
237,18/10/2017,20/10/2017,1027,702,"4,732.33"
238,18/10/2017,21/10/2017,1005,705,"4,654.65"
239,18/10/2017,19/10/2017,1012,703,"11,239.65"
240,19/10/2017,19/10/2017,1022,701,"1,151.16"
241,19/10/2017,19/10/2017,1008,705,915.90
242,19/10/2017,21/10/2017,1010,705,"10,778.95"
243,19/10/2017,22/10/2017,1020,708,"6,729.00"
244,19/10/2017,22/10/2017,1014,708,"9,603.00"
245,19/10/2017,20/10/2017,1015,704,"1,639.77"
246,20/10/2017,23/10/2017,1004,703,"6,480.14"
247,20/10/2017,23/10/2017,1005,702,"3,010.90"
248,20/10/2017,21/10/2017,1021,705,"5,978.00"
249,20/10/2017,23/10/2017,1016,703,"7,313.30"
250,20/10/2017,22/10/2017,1023,707,"1,867.80"
251,20/10/2017,23/10/2017,1005,705,"10,205.80"
252,20/10/2017,21/10/2017,1010,702,"4,853.95"
253,21/10/2017,21/10/2017,1024,706,"7,032.00"
254,22/10/2017,26/10/2017,1002,703,"1,493.75"
255,22/10/2017,22/10/2017,1008,707,28.00
256,22/10/2017,22/10/2017,1016,705,"18,384.75"
257,22/10/2017,22/10/2017,1007,708,"8,275.45"
258,23/10/2017,23/10/2017,1016,705,"12,279.65"
259,23/10/2017,23/10/2017,1009,702,960.30
260,23/10/2017,23/10/2017,1006,701,"4,716.15"
261,23/10/2017,27/10/2017,1020,708,"1,291.99"
262,23/10/2017,25/10/2017,1020,707,162.96
263,23/10/2017,26/10/2017,1011,705,"15,781.10"
264,23/10/2017,23/10/2017,1002,702,266.75
265,23/10/2017,26/10/2017,1014,702,"8,652.58"
266,23/10/2017,27/10/2017,1021,708,"7,814.00"
267,23/10/2017,24/10/2017,1004,706,"4,376.00"
268,24/10/2017,25/10/2017,1021,704,"15,715.64"
269,24/10/2017,25/10/2017,1016,706,"4,243.50"
270,24/10/2017,27/10/2017,1007,703,"1,406.98"
271,25/10/2017,25/10/2017,1010,702,"3,021.00"
272,25/10/2017,27/10/2017,1005,701,"8,306.30"
273,25/10/2017,25/10/2017,1024,704,"5,811.15"
274,25/10/2017,27/10/2017,1004,703,537.00
275,25/10/2017,29/10/2017,1009,701,14.90
276,25/10/2017,25/10/2017,1018,702,"14,804.00"
277,25/10/2017,25/10/2017,1012,701,333.80
278,25/10/2017,26/10/2017,1024,707,"2,506.98"
279,26/10/2017,30/10/2017,1017,706,"8,635.25"
280,26/10/2017,28/10/2017,1016,702,"6,127.50"
281,26/10/2017,28/10/2017,1006,708,"13,621.75"
282,27/10/2017,29/10/2017,1005,702,"3,142.75"
283,27/10/2017,28/10/2017,1015,702,895.75
284,27/10/2017,31/10/2017,1016,701,"13,837.68"
285,27/10/2017,28/10/2017,1024,705,"1,836.00"
286,27/10/2017,28/10/2017,1019,705,"5,956.00"
287,27/10/2017,30/10/2017,1018,708,197.90
288,27/10/2017,31/10/2017,1027,704,383.15
289,28/10/2017,01/11/2017,1002,708,"1,123.80"
290,29/10/2017,29/10/2017,1018,706,"2,625.00"
291,29/10/2017,02/12/2017,1025,705,"5,341.80"
292,29/10/2017,29/10/2017,1013,708,"2,858.50"
293,29/10/2017,30/10/2017,1025,706,"4,787.45"
294,30/10/2017,31/10/2017,1017,706,"5,338.79"
295,30/10/2017,30/10/2017,1012,701,"6,983.88"
296,30/10/2017,30/10/2017,1014,707,"2,454.00"
297,30/10/2017,02/11/2017,1008,701,"1,876.25"
298,30/10/2017,02/11/2017,1005,701,"7,484.00"
299,31/10/2017,04/11/2017,1021,704,402.95
300,31/10/2017,31/10/2017,1011,706,"15,969.50"
301,31/10/2017,04/11/2017,1025,704,"3,798.75"
302,31/10/2017,02/11/2017,1007,702,"5,880.15"
303,01/11/2017,04/11/2017,1011,705,"2,105.68"
304,01/11/2017,05/11/2017,1015,701,923.80
305,01/11/2017,05/11/2017,1013,708,0.00
306,01/11/2017,03/11/2017,1026,701,"4,940.58"
307,01/11/2017,02/11/2017,1013,704,"5,785.00"
308,01/11/2017,02/11/2017,1002,701,"5,441.88"
309,01/11/2017,04/11/2017,1020,707,"1,295.90"
310,01/11/2017,03/11/2017,1025,703,"13,709.90"
311,02/11/2017,04/11/2017,1003,708,"1,072.70"
312,02/11/2017,02/11/2017,1003,707,"1,019.54"
313,02/11/2017,02/11/2017,1024,701,"6,112.04"
314,02/11/2017,04/11/2017,1007,706,432.75
315,02/11/2017,06/11/2017,1024,702,"8,799.15"
316,02/11/2017,06/11/2017,1018,705,966.12
317,02/11/2017,02/11/2017,1012,703,"4,141.12"
318,02/11/2017,03/11/2017,1024,703,"3,695.70"
319,03/11/2017,04/11/2017,1005,701,"3,064.00"
320,03/11/2017,07/11/2017,1001,707,220.00
321,03/11/2017,05/11/2017,1011,701,"6,824.15"
322,03/11/2017,04/11/2017,1001,701,660.00
323,03/11/2017,05/11/2017,1011,706,"5,577.25"
324,03/11/2017,04/11/2017,1016,704,50.00
325,03/11/2017,04/11/2017,1002,706,"6,780.39"
326,03/11/2017,07/11/2017,1024,704,242.50
327,03/11/2017,03/11/2017,1012,703,"2,942.05"
328,03/11/2017,06/11/2017,1009,702,960.30
329,04/11/2017,06/11/2017,1004,708,"11,384.54"
330,04/11/2017,07/11/2017,1021,708,949.55
331,04/11/2017,06/11/2017,1018,702,"12,105.31"
332,05/11/2017,05/11/2017,1006,704,"4,831.00"
333,05/11/2017,07/11/2017,1003,708,"1,854.66"
334,05/11/2017,09/11/2017,1009,707,"4,173.33"
335,05/11/2017,06/11/2017,1020,703,"13,055.50"
336,06/11/2017,07/11/2017,1020,703,"15,047.75"
337,06/11/2017,07/11/2017,1011,706,"3,142.85"
338,06/11/2017,06/11/2017,1009,708,"8,173.25"
339,06/11/2017,10/11/2017,1005,705,"14,842.50"
340,06/11/2017,10/11/2017,1026,707,"4,020.55"
341,07/11/2017,08/11/2017,1022,704,81.00
342,08/11/2017,10/11/2017,1013,702,"4,589.50"
343,08/11/2017,11/11/2017,1025,708,"8,323.50"
344,08/11/2017,12/11/2017,1005,702,"7,060.28"
345,08/11/2017,11/11/2017,1008,701,"5,809.00"
346,08/11/2017,12/11/2017,1001,702,"1,253.70"
347,09/11/2017,09/11/2017,1020,705,"7,254.00"
348,09/11/2017,11/11/2017,1015,703,"1,724.07"
349,09/11/2017,10/11/2017,1001,703,725.80
350,09/11/2017,11/11/2017,1019,703,"3,079.75"
351,10/11/2017,14/11/2017,1012,704,"8,363.06"
352,10/11/2017,11/11/2017,1020,706,523.05
353,10/11/2017,14/11/2017,1026,704,"16,167.68"
354,11/11/2017,12/11/2017,1021,706,"5,003.45"
355,11/11/2017,12/11/2017,1014,702,"7,710.00"
356,11/11/2017,15/11/2017,1018,702,"2,189.00"
357,11/11/2017,13/11/2017,1003,705,"1,350.85"
358,11/11/2017,15/11/2017,1012,701,"11,468.80"
359,12/11/2017,13/11/2017,1024,707,"17,772.30"
360,12/11/2017,14/11/2017,1013,707,"17,692.85"
361,12/11/2017,13/11/2017,1016,706,0.00
362,12/11/2017,13/11/2017,1012,701,"16,241.60"
363,12/11/2017,13/11/2017,1010,706,"11,173.50"
364,12/11/2017,15/11/2017,1010,705,571.00
365,12/11/2017,13/11/2017,1011,705,267.30
366,12/11/2017,13/11/2017,1004,708,"9,126.31"
367,12/11/2017,12/11/2017,1011,703,"13,222.60"
368,13/11/2017,14/11/2017,1017,708,"5,277.24"
369,13/11/2017,14/11/2017,1003,707,108.00
370,13/11/2017,13/11/2017,1025,708,"2,951.65"
371,13/11/2017,16/12/2017,1009,701,816.74
372,13/11/2017,15/11/2017,1025,707,"9,125.21"
373,13/11/2017,16/11/2017,1014,701,"9,835.50"
374,13/11/2017,13/11/2017,1005,701,"6,428.24"
375,14/11/2017,16/11/2017,1004,704,"4,392.90"
376,14/11/2017,14/11/2017,1015,704,"1,715.49"
377,14/11/2017,18/11/2017,1019,705,"2,227.80"
378,14/11/2017,15/11/2017,1014,707,"8,562.73"
379,14/11/2017,18/11/2017,1025,706,"11,509.50"
380,14/11/2017,17/11/2017,1023,704,207.00
381,15/11/2017,17/11/2017,1012,701,"5,449.24"
382,16/11/2017,16/11/2017,1017,705,559.80
383,17/11/2017,20/11/2017,1017,702,"12,039.75"
384,17/11/2017,17/11/2017,1021,708,"3,248.75"
385,18/11/2017,21/11/2017,1019,701,"13,850.94"
386,18/11/2017,18/11/2017,1021,705,"8,210.88"
387,18/11/2017,22/12/2017,1010,708,"16,587.50"
388,18/11/2017,22/11/2017,1008,705,"4,654.98"
389,18/11/2017,21/11/2017,1005,706,"1,447.30"
390,18/11/2017,21/11/2017,1016,708,"13,641.50"
391,18/11/2017,18/11/2017,1024,702,"5,478.55"
392,18/11/2017,22/11/2017,1006,708,"9,156.33"
393,19/11/2017,21/11/2017,1011,704,"3,687.00"
394,19/11/2017,22/11/2017,1001,702,130.97
395,20/11/2017,24/11/2017,1014,703,"3,079.75"
396,20/11/2017,21/11/2017,1019,706,495.78
397,20/11/2017,20/11/2017,1020,701,500.00
398,21/11/2017,23/11/2017,1004,708,"14,283.00"
399,21/11/2017,24/11/2017,1007,704,"18,260.95"
400,21/11/2017,25/11/2017,1026,705,"7,251.75"
401,21/11/2017,22/11/2017,1003,702,"1,014.90"
402,21/11/2017,23/11/2017,1017,704,"2,779.00"
403,21/11/2017,21/11/2017,1006,702,"19,676.05"
404,21/11/2017,22/11/2017,1019,708,"8,730.00"
405,21/11/2017,24/11/2017,1023,702,"6,988.65"
406,22/11/2017,26/11/2017,1012,706,"7,209.60"
407,23/11/2017,26/11/2017,1001,701,188.68
408,24/11/2017,28/11/2017,1001,703,261.90
409,24/11/2017,25/11/2017,1024,704,"5,956.00"
410,24/11/2017,25/11/2017,1008,702,"2,698.00"
411,25/11/2017,26/11/2017,1002,708,"6,984.00"
412,25/11/2017,28/11/2017,1026,708,"1,178.58"
413,25/11/2017,26/11/2017,1001,708,402.00
414,25/11/2017,29/11/2017,1020,703,"16,345.65"
415,25/11/2017,28/11/2017,1013,705,"4,851.30"
416,25/11/2017,26/11/2017,1024,705,"4,618.33"
417,25/11/2017,28/11/2017,1017,703,166.00
418,25/11/2017,25/11/2017,1012,705,"2,443.08"
419,26/11/2017,26/11/2017,1006,708,"8,002.50"
420,26/11/2017,26/11/2017,1024,704,"3,505.50"
421,26/11/2017,29/11/2017,1022,704,441.75
422,26/11/2017,27/11/2017,1027,707,"5,901.00"
423,26/11/2017,30/11/2017,1010,708,"2,010.02"
424,26/11/2017,28/11/2017,1025,706,39.00
425,27/11/2017,01/12/2017,1001,707,286.00
426,27/11/2017,30/11/2017,1001,707,"1,294.00"
427,27/11/2017,30/11/2017,1020,702,767.80
428,27/11/2017,28/11/2017,1024,703,"2,340.35"
429,27/11/2017,30/11/2017,1016,701,567.00
430,27/11/2017,01/12/2017,1009,707,102.00
431,28/11/2017,01/12/2017,1016,705,"2,344.25"
432,28/11/2017,01/12/2017,1022,702,"1,204.12"
433,28/11/2017,28/11/2017,1017,708,"10,291.25"
434,28/11/2017,30/11/2017,1012,703,"9,343.79"
435,28/11/2017,30/11/2017,1016,706,47.00
436,28/11/2017,01/12/2017,1014,703,180.20
437,28/11/2017,30/11/2017,1002,705,"5,832.95"
438,28/11/2017,02/12/2017,1020,708,"1,026.40"
439,29/11/2017,03/12/2017,1025,703,"6,457.00"
440,29/11/2017,30/11/2017,1027,708,"1,695.00"
441,29/11/2017,29/11/2017,1010,701,"19,325.05"
442,29/11/2017,02/12/2017,1002,705,662.00
443,30/11/2017,03/12/2017,1001,704,"2,123.95"
444,30/11/2017,01/12/2017,1002,706,"2,135.47"
445,30/11/2017,01/12/2017,1007,705,"12,313.00"
446,30/11/2017,04/12/2017,1010,708,87.98
447,30/11/2017,01/12/2017,1018,702,"6,020.94"
448,30/11/2017,02/12/2017,1001,701,301.90
449,30/11/2017,30/11/2017,1025,707,"16,673.05"
450,01/12/2017,05/12/2017,1004,705,"4,232.75"
451,01/12/2017,03/12/2017,1003,706,220.00
452,01/12/2017,03/12/2017,1001,702,"1,018.50"
453,01/12/2017,05/12/2017,1027,708,"1,854.50"
454,01/12/2017,03/12/2017,1010,703,"1,248.96"
455,01/12/2017,02/12/2017,1005,702,"1,705.78"
456,02/12/2017,03/12/2017,1015,705,375.00
457,02/12/2017,06/12/2017,1019,701,"2,811.00"
458,03/12/2017,03/12/2017,1003,702,654.95
459,03/12/2017,04/12/2017,1007,707,"1,682.62"
460,04/12/2017,06/12/2017,1013,704,"1,905.00"
461,04/12/2017,08/12/2017,1021,703,"2,852.86"
462,04/12/2017,04/12/2017,1004,705,254.25
463,05/12/2017,08/12/2017,1015,705,477.24
464,05/12/2017,08/12/2017,1020,705,"5,346.00"
465,05/12/2017,05/12/2017,1012,706,"10,361.04"
466,06/12/2017,07/12/2017,1026,704,"6,257.99"
467,06/12/2017,06/12/2017,1013,706,"9,826.00"
468,06/12/2017,07/12/2017,1010,708,"6,546.06"
469,06/12/2017,06/12/2017,1011,708,"8,792.99"
470,06/12/2017,09/12/2017,1014,703,709.32
471,06/12/2017,08/12/2017,1025,701,130.95
472,06/12/2017,10/12/2017,1023,707,"7,648.00"
473,06/12/2017,09/12/2017,1016,702,"1,832.18"
474,06/12/2017,09/12/2017,1006,703,842.12
475,07/12/2017,11/12/2017,1001,702,"1,109.45"
476,07/12/2017,11/12/2017,1014,705,"1,201.00"
477,07/12/2017,07/12/2017,1009,708,"6,594.19"
478,07/12/2017,11/12/2017,1004,707,"1,352.50"
479,07/12/2017,10/12/2017,1024,705,"7,708.00"
480,07/12/2017,07/12/2017,1011,703,"4,265.00"
481,08/12/2017,11/12/2017,1009,702,637.96
482,08/12/2017,08/12/2017,1011,705,207.00
483,08/12/2017,09/12/2017,1005,704,"4,814.70"
484,09/12/2017,10/12/2017,1021,707,0.00
485,09/12/2017,11/12/2017,1003,707,"2,107.74"
486,09/12/2017,10/12/2017,1022,705,956.00
487,09/12/2017,11/12/2017,1009,704,"3,241.00"
488,09/12/2017,11/12/2017,1025,703,171.00
489,09/12/2017,09/12/2017,1005,701,710.30
490,09/12/2017,11/12/2017,1009,702,"2,781.90"
491,09/12/2017,10/12/2017,1007,708,"5,643.35"
492,10/12/2017,12/12/2017,1008,702,"3,035.62"
493,10/12/2017,14/12/2017,1005,708,"3,861.90"
494,10/12/2017,14/12/2017,1012,701,108.00
495,10/12/2017,11/12/2017,1012,702,"6,843.49"
496,11/12/2017,11/12/2017,1014,701,"1,949.85"
497,11/12/2017,12/12/2017,1002,701,"1,882.55"
498,11/12/2017,13/12/2017,1018,708,"7,862.98"
499,11/12/2017,15/12/2017,1016,704,"16,909.14"
500,11/12/2017,11/12/2017,1007,705,"3,037.00"
501,12/12/2017,15/12/2017,1001,702,548.95
502,12/12/2017,15/12/2017,1025,707,"10,964.75"
503,12/12/2017,14/12/2017,1026,706,"3,638.05"
504,12/12/2017,15/12/2017,1004,707,189.00
505,12/12/2017,16/12/2017,1006,707,"7,268.98"
506,12/12/2017,14/12/2017,1016,704,"6,195.00"
507,12/12/2017,12/12/2017,1017,705,"1,252.71"
508,12/12/2017,15/12/2017,1012,704,"16,688.85"
509,13/12/2017,14/12/2017,1010,701,"6,058.15"
510,13/12/2017,14/12/2017,1015,703,973.90
511,13/12/2017,13/12/2017,1026,706,"9,576.65"
512,13/12/2017,15/12/2017,1027,708,291.00
513,13/12/2017,16/12/2017,1012,707,"9,682.48"
514,13/12/2017,15/12/2017,1025,705,"8,441.25"
515,13/12/2017,16/12/2017,1003,705,"1,191.00"
516,13/12/2017,17/12/2017,1021,703,"3,845.58"
517,14/12/2017,16/12/2017,1007,706,"1,210.41"
518,14/12/2017,15/12/2017,1007,704,194.05
519,14/12/2017,16/12/2017,1018,701,424.33
520,14/12/2017,18/12/2017,1027,704,"2,949.88"
521,14/12/2017,18/12/2017,1009,708,"2,466.00"
522,14/12/2017,18/12/2017,1009,708,4.99
523,15/12/2017,17/12/2017,1003,704,0.00
524,16/12/2017,20/12/2017,1002,701,136.00
525,16/12/2017,19/12/2017,1019,705,560.04
526,16/12/2017,19/12/2017,1011,705,228.05
527,16/12/2017,20/12/2017,1009,707,49.00
528,17/12/2017,18/12/2017,1026,701,"5,646.00"
529,17/12/2017,19/12/2017,1013,703,"7,951.30"
530,17/12/2017,19/12/2017,1009,701,"14,227.36"
531,17/12/2017,17/12/2017,1012,707,"5,428.30"
532,18/12/2017,19/12/2017,1027,706,"7,190.05"
533,18/12/2017,21/12/2017,1017,702,"15,235.23"
534,18/12/2017,18/12/2017,1017,706,570.90
535,18/12/2017,19/12/2017,1020,703,"6,234.63"
536,18/12/2017,21/12/2017,1020,702,"1,719.87"
537,18/12/2017,21/12/2017,1003,703,"1,004.05"
538,19/12/2017,20/12/2017,1008,703,"9,710.88"
539,20/12/2017,24/12/2017,1008,701,"9,069.75"
540,20/12/2017,24/12/2017,1007,707,"7,422.50"
541,21/12/2017,23/12/2017,1006,701,"17,369.98"
542,22/12/2017,25/12/2017,1008,704,"3,897.90"
543,22/12/2017,25/12/2017,1005,707,334.65
544,22/12/2017,22/12/2017,1009,704,"7,996.25"
545,22/12/2017,26/12/2017,1010,707,"10,489.65"
546,22/12/2017,22/12/2017,1013,702,407.25
547,22/12/2017,22/12/2017,1011,708,"2,271.25"
548,22/12/2017,24/12/2017,1004,707,"6,109.40"
549,22/12/2017,22/12/2017,1024,703,140.65
550,23/12/2017,25/12/2017,1003,706,797.00
551,24/12/2017,28/12/2017,1010,705,"1,696.03"
552,24/12/2017,27/12/2017,1023,705,"17,551.20"
553,24/12/2017,28/12/2017,1002,705,"6,317.00"
554,24/12/2017,25/12/2017,1002,701,"6,872.20"
555,24/12/2017,27/12/2017,1003,703,"1,658.25"
556,24/12/2017,28/12/2017,1019,701,"6,504.03"
557,24/12/2017,24/12/2017,1026,702,"8,430.09"
558,25/12/2017,26/12/2017,1009,708,"10,842.85"
559,25/12/2017,27/12/2017,1011,706,"5,559.78"
560,25/12/2017,29/12/2017,1016,707,"6,769.96"
561,25/12/2017,28/12/2017,1025,704,"3,600.00"
562,25/12/2017,28/12/2017,1006,705,147.00
563,25/12/2017,26/12/2017,1020,704,"4,783.50"
564,25/12/2017,27/12/2017,1001,706,214.00
565,26/12/2017,28/12/2017,1014,705,"2,429.00"
566,26/12/2017,27/12/2017,1007,706,985.21
567,26/12/2017,28/12/2017,1001,703,882.50
568,26/12/2017,27/12/2017,1024,704,197.88
569,26/12/2017,28/12/2017,1004,707,"6,354.50"
570,26/12/2017,30/12/2017,1022,707,742.19
571,27/12/2017,30/01/2018,1019,704,"2,423.80"
572,27/12/2017,27/12/2017,1003,703,"1,397.36"
573,27/12/2017,29/12/2017,1019,701,"10,102.95"
574,27/12/2017,27/12/2017,1003,704,160.05
575,27/12/2017,31/12/2017,1027,707,"12,368.54"
576,28/12/2017,28/12/2017,1005,705,56.00
577,28/12/2017,28/12/2017,1014,706,678.25
578,28/12/2017,29/12/2017,1026,708,"1,861.62"
579,28/12/2017,01/01/2018,1012,707,"15,391.00"
580,28/12/2017,28/12/2017,1011,705,"1,112.50"
581,29/12/2017,29/12/2017,1003,704,"1,268.98"
582,29/12/2017,01/01/2018,1004,703,"3,727.95"
583,29/12/2017,29/12/2017,1003,702,"1,345.22"
584,30/12/2017,01/01/2018,1004,707,"5,508.48"
585,30/12/2017,30/12/2017,1009,704,"1,865.04"
586,30/12/2017,31/12/2017,1023,707,"1,270.00"
587,30/12/2017,03/01/2018,1001,701,264.00
588,30/12/2017,30/12/2017,1003,701,"1,271.13"
589,30/12/2017,30/12/2017,1013,708,"1,169.82"
590,30/12/2017,03/01/2018,1018,708,"16,509.10"
591,31/12/2017,03/01/2018,1023,702,"2,991.50"
592,31/12/2017,02/01/2018,1005,707,"14,408.50"
593,31/12/2017,03/01/2018,1026,701,270.00
594,31/12/2017,31/12/2017,1017,706,"6,142.35"
