TranDate,Account,Dept,Sum of Amount
4/1/2008,61510,150,($60.68)
4/1/2008,61520,150,($160.80)
4/1/2008,61530,150,($48.47)
4/1/2008,61540,150,($3.59)
4/1/2008,61550,150,($151.14)
4/1/2008,61560,150,($8.86)
4/1/2008,61570,150,($161.62)
4/1/2008,62010,150,($780.64)
4/1/2008,62020,150,($333.00)
4/1/2008,62030,150,($0.53)
4/1/2008,62099,150,$21.38
4/1/2008,62510,120,($126.83)
4/1/2008,62520,120,($44.16)
4/1/2008,62530,120,($21.12)
4/1/2008,62550,120,($43.18)
4/1/2008,62560,120,($12.41)
4/1/2008,63050,150,($2.32)
4/1/2008,64000,150,$252.55
4/1/2008,64010,150,$18.06
4/1/2008,64020,150,$6.83
4/1/2008,65540,110,($513.77)
4/1/2008,65550,110,($55.42)
4/1/2008,65570,110,($3.78)
4/1/2008,65590,110,($52.00)
4/1/2008,65600,110,($259.50)
4/1/2008,65610,110,($37.23)
4/1/2008,65660,110,($19.52)
4/1/2008,65690,110,($55.35)
4/1/2008,65700,110,($248.05)
4/1/2008,65710,110,($764.01)
4/1/2008,65730,110,($15.82)
4/1/2008,65740,110,($511.41)
4/1/2008,65750,110,($677.66)
4/1/2008,65760,110,($3.66)
4/1/2008,65770,110,$0.68
4/1/2008,65900,170,($75.94)
4/1/2008,66010,130,($5.64)
4/1/2008,66020,130,($213.44)
4/1/2008,66030,130,($2.67)
4/1/2008,66040,130,($8.84)
4/1/2008,66050,130,($46.83)
4/1/2008,66070,130,($11.80)
4/1/2008,66080,130,($2.53)
4/1/2008,66090,130,($10.63)
4/1/2008,66100,130,($5.81)
4/1/2008,66110,130,($0.70)
4/1/2008,66120,130,($1.83)
4/1/2008,66130,130,($82.77)
4/1/2008,66510,140,($38.95)
4/1/2008,66520,140,($39.29)
4/1/2008,66530,140,($28.35)
4/1/2008,66550,140,($18.02)
4/1/2008,68050,170,($0.03)
4/2/2008,61510,150,($60.68)
4/2/2008,61520,150,($160.80)
4/2/2008,61530,150,($48.47)
4/2/2008,61540,150,($3.59)
4/2/2008,61550,150,($151.14)
4/2/2008,61560,150,($8.86)
4/2/2008,61570,150,($161.62)
4/2/2008,62010,150,($780.64)
4/2/2008,62020,150,($333.00)
4/2/2008,62030,150,($0.53)
4/2/2008,62099,150,$21.38
4/2/2008,62510,120,($126.83)
4/2/2008,62520,120,($44.16)
4/2/2008,62530,120,($21.12)
4/2/2008,62550,120,($43.18)
4/2/2008,62560,120,($12.41)
4/2/2008,63050,150,($2.32)
4/2/2008,64000,150,$252.55
4/2/2008,64010,150,$18.06
4/2/2008,64020,150,$6.83
4/2/2008,65540,110,($513.77)
4/2/2008,65550,110,($55.42)
4/2/2008,65570,110,($3.78)
4/2/2008,65590,110,($52.00)
4/2/2008,65600,110,($259.50)
4/2/2008,65610,110,($37.23)
4/2/2008,65660,110,($19.52)
4/2/2008,65690,110,($55.35)
4/2/2008,65700,110,($248.05)
4/2/2008,65710,110,($764.01)
4/2/2008,65730,110,($15.82)
4/2/2008,65740,110,($511.41)
4/2/2008,65750,110,($677.66)
4/2/2008,65760,110,($3.66)
4/2/2008,65770,110,$0.68
4/2/2008,65900,170,($75.94)
4/2/2008,66010,130,($5.64)
4/2/2008,66020,130,($213.44)
4/2/2008,66030,130,($2.67)
4/2/2008,66040,130,($8.84)
4/2/2008,66050,130,($46.83)
4/2/2008,66070,130,($11.80)
4/2/2008,66080,130,($2.53)
4/2/2008,66090,130,($10.63)
4/2/2008,66100,130,($5.81)
4/2/2008,66110,130,($0.70)
4/2/2008,66120,130,($1.83)
4/2/2008,66130,130,($82.77)
4/2/2008,66510,140,($38.95)
4/2/2008,66520,140,($39.29)
4/2/2008,66530,140,($28.35)
4/2/2008,66550,140,($18.02)
4/2/2008,68050,170,($0.03)
4/3/2008,61510,150,($60.68)
4/3/2008,61520,150,($160.80)
4/3/2008,61530,150,($48.47)
4/3/2008,61540,150,($3.59)
4/3/2008,61550,150,($151.14)
4/3/2008,61560,150,($8.86)
4/3/2008,61570,150,($161.62)
4/3/2008,62010,150,($780.64)
4/3/2008,62020,150,($333.00)
4/3/2008,62030,150,($0.53)
4/3/2008,62099,150,$21.38
4/3/2008,62510,120,($126.83)
4/3/2008,62520,120,($44.16)
4/3/2008,62530,120,($21.12)
4/3/2008,62550,120,($43.18)
4/3/2008,62560,120,($12.41)
4/3/2008,63050,150,($2.32)
4/3/2008,64000,150,$252.55
4/3/2008,64010,150,$18.06
4/3/2008,64020,150,$6.83
4/3/2008,65540,110,($513.77)
4/3/2008,65550,110,($55.42)
4/3/2008,65570,110,($3.78)
4/3/2008,65590,110,($52.00)
4/3/2008,65600,110,($259.50)
4/3/2008,65610,110,($37.23)
4/3/2008,65660,110,($19.52)
4/3/2008,65690,110,($55.35)
4/3/2008,65700,110,($248.05)
4/3/2008,65710,110,($764.01)
4/3/2008,65730,110,($15.82)
4/3/2008,65740,110,($511.41)
4/3/2008,65750,110,($677.66)
4/3/2008,65760,110,($3.66)
4/3/2008,65770,110,$0.68
4/3/2008,65900,170,($75.94)
4/3/2008,66010,130,($5.64)
4/3/2008,66020,130,($213.44)
4/3/2008,66030,130,($2.67)
4/3/2008,66040,130,($8.84)
4/3/2008,66050,130,($46.83)
4/3/2008,66070,130,($11.80)
4/3/2008,66080,130,($2.53)
4/3/2008,66090,130,($10.63)
4/3/2008,66100,130,($5.81)
4/3/2008,66110,130,($0.70)
4/3/2008,66120,130,($1.83)
4/3/2008,66130,130,($82.77)
4/3/2008,66510,140,($38.95)
4/3/2008,66520,140,($39.29)
4/3/2008,66530,140,($28.35)
4/3/2008,66550,140,($18.02)
4/3/2008,68050,170,($0.03)
4/3/2008,71010,120,$629.49
4/3/2008,71020,120,$291.99
4/3/2008,71030,120,$102.79
4/3/2008,71040,120,($1.31)
4/3/2008,71050,120,$232.40
4/3/2008,71060,120,$88.12
4/3/2008,71070,120,($122.04)
4/3/2008,71080,120,$9.56
4/3/2008,71160,150,$114.47
4/3/2008,71170,150,$307.44
4/3/2008,71180,150,$20.10
4/3/2008,71190,150,($5.55)
4/3/2008,71200,150,$55.52
4/3/2008,71240,150,$284.32
4/3/2008,71299,150,($18.54)
4/3/2008,71310,150,"$2,704.38"
4/3/2008,71325,150,($622.90)
4/3/2008,71550,150,($75.39)
4/3/2008,71560,140,$71.70
4/3/2008,72010,110,"$2,794.29"
4/3/2008,72020,110,"$4,050.72"
4/3/2008,72040,130,$424.50
4/3/2008,72050,140,$569.05
4/3/2008,72060,150,"$3,823.77"
4/3/2008,72070,150,"$4,404.25"
4/3/2008,72090,150,$829.27
4/3/2008,72100,150,$21.45
4/3/2008,72110,160,"$3,011.37"
4/3/2008,72120,160,"$3,707.53"
4/3/2008,72130,160,$363.56
4/3/2008,72140,160,$795.30
4/3/2008,72150,165,"$1,865.81"
4/3/2008,72160,170,"$1,955.60"
4/3/2008,72999,150,($350.39)
4/3/2008,73010,110,$206.08
4/3/2008,73010,130,$21.00
4/3/2008,73010,140,$23.00
4/3/2008,73010,150,$336.58
4/3/2008,73010,160,$299.33
4/3/2008,73010,165,$69.56
4/3/2008,73010,170,$209.33
4/3/2008,73020,110,$118.48
4/3/2008,73020,130,$10.75
4/3/2008,73020,140,$11.75
4/3/2008,73020,150,$208.42
4/3/2008,73020,160,$157.52
4/3/2008,73020,165,$35.83
4/3/2008,73020,170,$32.19
4/3/2008,73030,110,$306.15
4/3/2008,73030,150,$407.32
4/3/2008,73030,160,$259.16
4/3/2008,73030,165,$82.76
4/3/2008,73030,170,$25.83
4/3/2008,73040,110,$193.50
4/3/2008,73040,150,$244.50
4/3/2008,73040,160,$126.00
4/3/2008,73040,165,$40.50
4/3/2008,73050,110,$50.40
4/3/2008,73050,130,$6.00
4/3/2008,73050,140,$5.91
4/3/2008,73050,150,$89.29
4/3/2008,73050,160,$70.19
4/3/2008,73050,165,$15.39
4/3/2008,73050,170,($28.23)
4/3/2008,80990,110,"$1,148.34"
4/3/2008,81010,110,$32.44
4/3/2008,81010,160,$143.45
4/3/2008,81040,160,$106.05
4/3/2008,81050,160,$687.49
4/3/2008,81090,160,$340.56
4/3/2008,81100,160,$103.20
4/3/2008,81110,160,$8.07
4/3/2008,81120,160,$20.00
4/3/2008,81130,160,$75.48
4/3/2008,81150,160,$25.33
4/3/2008,81170,160,$119.49
4/3/2008,81200,160,$160.32
4/3/2008,81210,160,$14.04
4/3/2008,81220,160,$0.97
4/3/2008,81230,160,$176.44
4/3/2008,81270,160,$52.95
4/3/2008,81280,160,$1.75
4/3/2008,81350,160,$11.78
4/3/2008,81900,165,$7.56
4/3/2008,82030,130,$19.26
4/3/2008,82040,130,$30.87
4/3/2008,82050,150,"$3,072.76"
4/3/2008,82060,170,$387.59
4/3/2008,83010,170,$77.78
4/3/2008,83020,130,$92.00
4/3/2008,83020,160,$297.60
4/3/2008,83020,170,$654.81
4/3/2008,83030,150,$128.39
4/3/2008,83050,170,$288.07
4/3/2008,83060,170,$173.03
4/3/2008,83070,170,$187.18
4/3/2008,84020,130,$286.50
4/3/2008,84020,170,$185.68
4/3/2008,84030,150,$81.25
4/3/2008,85010,170,$121.70
4/3/2008,85510,170,$775.00
4/3/2008,86010,110,$278.90
4/3/2008,86010,130,$14.81
4/3/2008,86010,140,$3.44
4/3/2008,86010,150,$579.32
4/3/2008,86010,160,$109.69
4/3/2008,86010,165,$19.74
4/3/2008,86010,170,$21.55
4/3/2008,86020,150,$5.19
4/3/2008,86030,110,($64.21)
4/3/2008,86040,110,"$2,020.15"
4/3/2008,86040,150,$151.13
4/3/2008,86050,110,$140.86
4/3/2008,86050,150,$80.57
4/3/2008,86050,160,$194.37
4/3/2008,86100,110,$221.89
4/3/2008,86100,120,$100.31
4/3/2008,86100,150,$86.03
4/3/2008,86100,160,$11.96
4/3/2008,86100,170,$237.08
4/3/2008,86140,110,$74.44
4/3/2008,86150,110,$193.55
4/3/2008,86180,110,$4.01
4/3/2008,86180,140,$23.75
4/3/2008,86180,160,"$1,203.75"
4/3/2008,86200,150,$548.91
4/3/2008,86200,160,$136.14
4/3/2008,86260,120,$58.80
4/3/2008,86270,150,$66.22
4/3/2008,86280,150,$248.24
4/3/2008,86290,150,$255.70
4/3/2008,86310,150,$92.87
4/3/2008,86330,150,$484.72
4/3/2008,86350,150,$145.87
4/3/2008,86360,150,$250.00
4/3/2008,86400,170,$0.08
4/3/2008,86450,170,($31.31)
4/3/2008,86820,170,$2.36
4/3/2008,86830,170,$42.09
4/3/2008,86840,170,$5.00
4/4/2008,61510,150,($60.68)
4/4/2008,61520,150,($160.80)
4/4/2008,61530,150,($48.47)
4/4/2008,61540,150,($3.59)
4/4/2008,61550,150,($151.14)
4/4/2008,61560,150,($8.86)
4/4/2008,61570,150,($161.62)
4/4/2008,62010,150,($780.64)
4/4/2008,62020,150,($333.00)
4/4/2008,62030,150,($0.53)
4/4/2008,62099,150,$21.38
4/4/2008,62510,120,($126.83)
4/4/2008,62520,120,($44.16)
4/4/2008,62530,120,($21.12)
4/4/2008,62550,120,($43.18)
4/4/2008,62560,120,($12.41)
4/4/2008,63050,150,($2.32)
4/4/2008,64000,150,$252.55
4/4/2008,64010,150,$18.06
4/4/2008,64020,150,$6.83
4/4/2008,65540,110,($513.77)
4/4/2008,65550,110,($55.42)
4/4/2008,65570,110,($3.78)
4/4/2008,65590,110,($52.00)
4/4/2008,65600,110,($259.50)
4/4/2008,65610,110,($37.23)
4/4/2008,65660,110,($19.52)
4/4/2008,65690,110,($55.35)
4/4/2008,65700,110,($248.05)
4/4/2008,65710,110,($764.01)
4/4/2008,65730,110,($15.82)
4/4/2008,65740,110,($511.41)
4/4/2008,65750,110,($677.66)
4/4/2008,65760,110,($3.66)
4/4/2008,65770,110,$0.68
4/4/2008,65900,170,($75.94)
4/4/2008,66010,130,($5.64)
4/4/2008,66020,130,($213.44)
4/4/2008,66030,130,($2.67)
4/4/2008,66040,130,($8.84)
4/4/2008,66050,130,($46.83)
4/4/2008,66070,130,($11.80)
4/4/2008,66080,130,($2.53)
4/4/2008,66090,130,($10.63)
4/4/2008,66100,130,($5.81)
4/4/2008,66110,130,($0.70)
4/4/2008,66120,130,($1.83)
4/4/2008,66130,130,($82.77)
4/4/2008,66510,140,($38.95)
4/4/2008,66520,140,($39.29)
4/4/2008,66530,140,($28.35)
4/4/2008,66550,140,($18.02)
4/4/2008,68050,170,($0.03)
4/5/2008,61510,150,($80.91)
4/5/2008,61520,150,($214.40)
4/5/2008,61530,150,($64.62)
4/5/2008,61540,150,($4.79)
4/5/2008,61550,150,($201.51)
4/5/2008,61560,150,($11.81)
4/5/2008,61570,150,($215.49)
4/5/2008,62010,150,"($1,040.86)"
4/5/2008,62020,150,($443.99)
4/5/2008,62030,150,($0.70)
4/5/2008,62099,150,$28.51
4/5/2008,62510,120,($169.11)
4/5/2008,62520,120,($58.87)
4/5/2008,62530,120,($28.16)
4/5/2008,62550,120,($57.58)
4/5/2008,62560,120,($16.54)
4/5/2008,63050,150,($3.10)
4/5/2008,64000,150,$336.74
4/5/2008,64010,150,$24.09
4/5/2008,64020,150,$9.10
4/5/2008,65540,110,($685.03)
4/5/2008,65550,110,($73.89)
4/5/2008,65570,110,($5.04)
4/5/2008,65590,110,($69.34)
4/5/2008,65600,110,($346.00)
4/5/2008,65610,110,($49.64)
4/5/2008,65660,110,($26.03)
4/5/2008,65690,110,($73.80)
4/5/2008,65700,110,($330.73)
4/5/2008,65710,110,"($1,018.68)"
4/5/2008,65730,110,($21.10)
4/5/2008,65740,110,($681.88)
4/5/2008,65750,110,($903.55)
4/5/2008,65760,110,($4.88)
4/5/2008,65770,110,$0.90
4/5/2008,65900,170,($101.25)
4/5/2008,66010,130,($7.52)
4/5/2008,66020,130,($284.58)
4/5/2008,66030,130,($3.56)
4/5/2008,66040,130,($11.79)
4/5/2008,66050,130,($62.43)
4/5/2008,66070,130,($15.73)
4/5/2008,66080,130,($3.38)
4/5/2008,66090,130,($14.18)
4/5/2008,66100,130,($7.74)
4/5/2008,66110,130,($0.93)
4/5/2008,66120,130,($2.45)
4/5/2008,66130,130,($110.36)
4/5/2008,66510,140,($51.93)
4/5/2008,66520,140,($52.38)
4/5/2008,66530,140,($37.80)
4/5/2008,66550,140,($24.03)
4/5/2008,68050,170,($0.04)
4/6/2008,61510,150,($57.10)
4/6/2008,61520,150,($181.06)
4/6/2008,61530,150,($42.94)
4/6/2008,61540,150,($11.94)
4/6/2008,61550,150,($129.88)
4/6/2008,61560,150,($51.80)
4/6/2008,61570,150,($109.96)
4/6/2008,62010,150,($583.31)
4/6/2008,62020,150,($645.94)
4/6/2008,62030,150,($74.49)
4/6/2008,62099,150,$20.78
4/6/2008,62510,120,($128.36)
4/6/2008,62520,120,($99.20)
4/6/2008,62530,120,($29.78)
4/6/2008,62550,120,($28.67)
4/6/2008,62560,120,($8.63)
4/6/2008,63050,150,($5.91)
4/6/2008,63060,150,($0.77)
4/6/2008,64000,150,$171.63
4/6/2008,64010,150,$29.13
4/6/2008,64020,150,$4.83
4/6/2008,65520,110,($4.70)
4/6/2008,65540,110,($114.36)
4/6/2008,65550,110,($64.88)
4/6/2008,65570,110,($1.04)
4/6/2008,65590,110,($35.05)
4/6/2008,65600,110,($395.83)
4/6/2008,65610,110,($123.45)
4/6/2008,65620,110,($21.61)
4/6/2008,65650,110,($216.38)
4/6/2008,65660,110,($112.19)
4/6/2008,65690,110,($20.87)
4/6/2008,65700,110,($148.57)
4/6/2008,65710,110,($398.29)
4/6/2008,65730,110,($5.71)
4/6/2008,65740,110,($389.23)
4/6/2008,65750,110,($453.67)
4/6/2008,65760,110,($2.83)
4/6/2008,66010,130,($12.23)
4/6/2008,66020,130,($251.96)
4/6/2008,66030,130,($2.87)
4/6/2008,66040,130,($12.14)
4/6/2008,66050,130,($38.93)
4/6/2008,66070,130,($8.25)
4/6/2008,66080,130,($3.26)
4/6/2008,66090,130,($6.46)
4/6/2008,66100,130,($5.03)
4/6/2008,66110,130,($0.54)
4/6/2008,66120,130,($1.00)
4/6/2008,66130,130,($65.76)
4/6/2008,66510,140,($40.71)
4/6/2008,66520,140,($33.83)
4/6/2008,66530,140,($10.96)
4/6/2008,66550,140,($32.22)
4/6/2008,68050,170,($0.04)
4/6/2008,68060,170,($0.65)
4/7/2008,61510,150,($53.16)
4/7/2008,61520,150,($168.58)
4/7/2008,61530,150,($39.97)
4/7/2008,61540,150,($11.12)
4/7/2008,61550,150,($120.93)
4/7/2008,61560,150,($48.22)
4/7/2008,61570,150,($102.38)
4/7/2008,62010,150,($543.09)
4/7/2008,62020,150,($601.39)
4/7/2008,62030,150,($69.35)
4/7/2008,62099,150,$19.34
4/7/2008,62510,120,($119.51)
4/7/2008,62520,120,($92.36)
4/7/2008,62530,120,($27.73)
4/7/2008,62550,120,($26.70)
4/7/2008,62560,120,($8.03)
4/7/2008,63050,150,($5.50)
4/7/2008,63060,150,($0.72)
4/7/2008,64000,150,$159.79
4/7/2008,64010,150,$27.12
4/7/2008,64020,150,$4.50
4/7/2008,65520,110,($4.37)
4/7/2008,65540,110,($106.47)
4/7/2008,65550,110,($60.41)
4/7/2008,65570,110,($0.97)
4/7/2008,65590,110,($32.64)
4/7/2008,65600,110,($368.53)
4/7/2008,65610,110,($114.94)
4/7/2008,65620,110,($20.12)
4/7/2008,65650,110,($201.46)
4/7/2008,65660,110,($104.45)
4/7/2008,65690,110,($19.43)
4/7/2008,65700,110,($138.32)
4/7/2008,65710,110,($370.82)
4/7/2008,65730,110,($5.32)
4/7/2008,65740,110,($362.39)
4/7/2008,65750,110,($422.38)
4/7/2008,65760,110,($2.63)
4/7/2008,66010,130,($11.39)
4/7/2008,66020,130,($234.58)
4/7/2008,66030,130,($2.67)
4/7/2008,66040,130,($11.30)
4/7/2008,66050,130,($36.25)
4/7/2008,66070,130,($7.68)
4/7/2008,66080,130,($3.04)
4/7/2008,66090,130,($6.01)
4/7/2008,66100,130,($4.69)
4/7/2008,66110,130,($0.50)
4/7/2008,66120,130,($0.93)
4/7/2008,66130,130,($61.23)
4/7/2008,66510,140,($37.90)
4/7/2008,66520,140,($31.49)
4/7/2008,66530,140,($10.21)
4/7/2008,66550,140,($30.00)
4/7/2008,68050,170,($0.03)
4/7/2008,68060,170,($0.61)
4/8/2008,61510,150,($53.16)
4/8/2008,61520,150,($168.58)
4/8/2008,61530,150,($39.97)
4/8/2008,61540,150,($11.12)
4/8/2008,61550,150,($120.93)
4/8/2008,61560,150,($48.22)
4/8/2008,61570,150,($102.38)
4/8/2008,62010,150,($543.09)
4/8/2008,62020,150,($601.39)
4/8/2008,62030,150,($69.35)
4/8/2008,62099,150,$19.34
4/8/2008,62510,120,($119.51)
4/8/2008,62520,120,($92.36)
4/8/2008,62530,120,($27.73)
4/8/2008,62550,120,($26.70)
4/8/2008,62560,120,($8.03)
4/8/2008,63050,150,($5.50)
4/8/2008,63060,150,($0.72)
4/8/2008,64000,150,$159.79
4/8/2008,64010,150,$27.12
4/8/2008,64020,150,$4.50
4/8/2008,65520,110,($4.37)
4/8/2008,65540,110,($106.47)
4/8/2008,65550,110,($60.41)
4/8/2008,65570,110,($0.97)
4/8/2008,65590,110,($32.64)
4/8/2008,65600,110,($368.53)
4/8/2008,65610,110,($114.94)
4/8/2008,65620,110,($20.12)
4/8/2008,65650,110,($201.46)
4/8/2008,65660,110,($104.45)
4/8/2008,65690,110,($19.43)
4/8/2008,65700,110,($138.32)
4/8/2008,65710,110,($370.82)
4/8/2008,65730,110,($5.32)
4/8/2008,65740,110,($362.39)
4/8/2008,65750,110,($422.38)
4/8/2008,65760,110,($2.63)
4/8/2008,66010,130,($11.39)
4/8/2008,66020,130,($234.58)
4/8/2008,66030,130,($2.67)
4/8/2008,66040,130,($11.30)
4/8/2008,66050,130,($36.25)
4/8/2008,66070,130,($7.68)
4/8/2008,66080,130,($3.04)
4/8/2008,66090,130,($6.01)
4/8/2008,66100,130,($4.69)
4/8/2008,66110,130,($0.50)
4/8/2008,66120,130,($0.93)
4/8/2008,66130,130,($61.23)
4/8/2008,66510,140,($37.90)
4/8/2008,66520,140,($31.49)
4/8/2008,66530,140,($10.21)
4/8/2008,66550,140,($30.00)
4/8/2008,68050,170,($0.03)
4/8/2008,68060,170,($0.61)
4/9/2008,61510,150,($53.16)
4/9/2008,61520,150,($168.58)
4/9/2008,61530,150,($39.97)
4/9/2008,61540,150,($11.12)
4/9/2008,61550,150,($120.93)
4/9/2008,61560,150,($48.22)
4/9/2008,61570,150,($102.38)
4/9/2008,62010,150,($543.09)
4/9/2008,62020,150,($601.39)
4/9/2008,62030,150,($69.35)
4/9/2008,62099,150,$19.34
4/9/2008,62510,120,($119.51)
4/9/2008,62520,120,($92.36)
4/9/2008,62530,120,($27.73)
4/9/2008,62550,120,($26.70)
4/9/2008,62560,120,($8.03)
4/9/2008,63050,150,($5.50)
4/9/2008,63060,150,($0.72)
4/9/2008,64000,150,$159.79
4/9/2008,64010,150,$27.12
4/9/2008,64020,150,$4.50
4/9/2008,65520,110,($4.37)
4/9/2008,65540,110,($106.47)
4/9/2008,65550,110,($60.41)
4/9/2008,65570,110,($0.97)
4/9/2008,65590,110,($32.64)
4/9/2008,65600,110,($368.53)
4/9/2008,65610,110,($114.94)
4/9/2008,65620,110,($20.12)
4/9/2008,65650,110,($201.46)
4/9/2008,65660,110,($104.45)
4/9/2008,65690,110,($19.43)
4/9/2008,65700,110,($138.32)
4/9/2008,65710,110,($370.82)
4/9/2008,65730,110,($5.32)
4/9/2008,65740,110,($362.39)
4/9/2008,65750,110,($422.38)
4/9/2008,65760,110,($2.63)
4/9/2008,66010,130,($11.39)
4/9/2008,66020,130,($234.58)
4/9/2008,66030,130,($2.67)
4/9/2008,66040,130,($11.30)
4/9/2008,66050,130,($36.25)
4/9/2008,66070,130,($7.68)
4/9/2008,66080,130,($3.04)
4/9/2008,66090,130,($6.01)
4/9/2008,66100,130,($4.69)
4/9/2008,66110,130,($0.50)
4/9/2008,66120,130,($0.93)
4/9/2008,66130,130,($61.23)
4/9/2008,66510,140,($37.90)
4/9/2008,66520,140,($31.49)
4/9/2008,66530,140,($10.21)
4/9/2008,66550,140,($30.00)
4/9/2008,68050,170,($0.03)
4/9/2008,68060,170,($0.61)
4/10/2008,61510,150,($53.16)
4/10/2008,61520,150,($168.58)
4/10/2008,61530,150,($39.97)
4/10/2008,61540,150,($11.12)
4/10/2008,61550,150,($120.93)
4/10/2008,61560,150,($48.22)
4/10/2008,61570,150,($102.38)
4/10/2008,62010,150,($543.09)
4/10/2008,62020,150,($601.39)
4/10/2008,62030,150,($69.35)
4/10/2008,62099,150,$19.34
4/10/2008,62510,120,($119.51)
4/10/2008,62520,120,($92.36)
4/10/2008,62530,120,($27.73)
4/10/2008,62550,120,($26.70)
4/10/2008,62560,120,($8.03)
4/10/2008,63050,150,($5.50)
4/10/2008,63060,150,($0.72)
4/10/2008,64000,150,$159.79
4/10/2008,64010,150,$27.12
4/10/2008,64020,150,$4.50
4/10/2008,65520,110,($4.37)
4/10/2008,65540,110,($106.47)
4/10/2008,65550,110,($60.41)
4/10/2008,65570,110,($0.97)
4/10/2008,65590,110,($32.64)
4/10/2008,65600,110,($368.53)
4/10/2008,65610,110,($114.94)
4/10/2008,65620,110,($20.12)
4/10/2008,65650,110,($201.46)
4/10/2008,65660,110,($104.45)
4/10/2008,65690,110,($19.43)
4/10/2008,65700,110,($138.32)
4/10/2008,65710,110,($370.82)
4/10/2008,65730,110,($5.32)
4/10/2008,65740,110,($362.39)
4/10/2008,65750,110,($422.38)
4/10/2008,65760,110,($2.63)
4/10/2008,66010,130,($11.39)
4/10/2008,66020,130,($234.58)
4/10/2008,66030,130,($2.67)
4/10/2008,66040,130,($11.30)
4/10/2008,66050,130,($36.25)
4/10/2008,66070,130,($7.68)
4/10/2008,66080,130,($3.04)
4/10/2008,66090,130,($6.01)
4/10/2008,66100,130,($4.69)
4/10/2008,66110,130,($0.50)
4/10/2008,66120,130,($0.93)
4/10/2008,66130,130,($61.23)
4/10/2008,66510,140,($37.90)
4/10/2008,66520,140,($31.49)
4/10/2008,66530,140,($10.21)
4/10/2008,66550,140,($30.00)
4/10/2008,68050,170,($0.03)
4/10/2008,68060,170,($0.61)
4/10/2008,71010,120,$643.85
4/10/2008,71020,120,$471.08
4/10/2008,71030,120,$131.96
4/10/2008,71050,120,$181.56
4/10/2008,71060,120,$38.78
4/10/2008,71070,120,($106.87)
4/10/2008,71075,120,$67.30
4/10/2008,71080,120,$6.14
4/10/2008,71160,150,$38.36
4/10/2008,71170,150,$232.72
4/10/2008,71180,150,$23.21
4/10/2008,71190,150,$36.42
4/10/2008,71200,150,$102.26
4/10/2008,71240,150,$750.03
4/10/2008,71299,150,($24.33)
4/10/2008,71310,150,"$3,366.47"
4/10/2008,71325,150,($418.72)
4/10/2008,71550,150,($21.28)
4/10/2008,71560,140,($198.41)
4/10/2008,72010,110,"$1,981.06"
4/10/2008,72020,110,"$2,953.90"
4/10/2008,72040,130,$410.58
4/10/2008,72050,140,$544.50
4/10/2008,72060,150,"$2,728.39"
4/10/2008,72070,150,"$3,256.51"
4/10/2008,72090,150,$881.03
4/10/2008,72100,150,$219.07
4/10/2008,72110,160,"$1,943.58"
4/10/2008,72120,160,"$2,606.89"
4/10/2008,72130,160,"$1,869.72"
4/10/2008,72140,160,$855.85
4/10/2008,72150,165,"$1,657.52"
4/10/2008,72160,170,"$1,548.44"
4/10/2008,72999,150,($235.54)
4/10/2008,73010,110,$213.14
4/10/2008,73010,130,$20.34
4/10/2008,73010,140,$23.76
4/10/2008,73010,150,$267.41
4/10/2008,73010,160,$311.48
4/10/2008,73010,165,$73.70
4/10/2008,73010,170,$158.06
4/10/2008,73020,110,$122.27
4/10/2008,73020,130,$10.26
4/10/2008,73020,140,$12.06
4/10/2008,73020,150,$174.76
4/10/2008,73020,160,$167.04
4/10/2008,73020,165,$38.52
4/10/2008,73020,170,$30.45
4/10/2008,73030,110,$311.15
4/10/2008,73030,150,$378.01
4/10/2008,73030,160,$275.05
4/10/2008,73030,165,$71.80
4/10/2008,73030,170,$42.61
4/10/2008,73040,110,$119.88
4/10/2008,73040,150,$191.16
4/10/2008,73040,160,$90.72
4/10/2008,73040,165,$29.16
4/10/2008,73050,110,$50.43
4/10/2008,73050,130,$5.76
4/10/2008,73050,140,$7.01
4/10/2008,73050,150,$75.59
4/10/2008,73050,160,$74.35
4/10/2008,73050,165,$16.97
4/10/2008,73050,170,$13.04
4/10/2008,80990,110,"$1,903.30"
4/10/2008,81010,110,$53.82
4/10/2008,81010,160,$5.40
4/10/2008,81020,160,$26.68
4/10/2008,81030,160,$320.58
4/10/2008,81050,160,$494.17
4/10/2008,81080,160,$164.41
4/10/2008,81090,160,$719.78
4/10/2008,81100,160,$459.82
4/10/2008,81110,160,$6.49
4/10/2008,81130,160,$53.90
4/10/2008,81150,160,$314.26
4/10/2008,81170,160,$2.75
4/10/2008,81180,160,$105.40
4/10/2008,81190,160,$26.58
4/10/2008,81200,160,$25.07
4/10/2008,81210,160,$350.39
4/10/2008,81220,160,$262.33
4/10/2008,81230,160,$78.09
4/10/2008,81240,160,$59.71
4/10/2008,81260,160,$28.63
4/10/2008,81270,160,$324.95
4/10/2008,81280,160,$115.05
4/10/2008,81350,160,$8.48
4/10/2008,81900,165,$215.07
4/10/2008,82010,130,$29.69
4/10/2008,82020,130,$11.45
4/10/2008,82030,130,$18.00
4/10/2008,82040,130,$25.83
4/10/2008,82040,140,$3.45
4/10/2008,82050,150,$268.99
4/10/2008,82060,170,$824.67
4/10/2008,83010,160,$18.43
4/10/2008,83010,170,$97.30
4/10/2008,83020,130,$66.24
4/10/2008,83020,160,$361.33
4/10/2008,83020,170,$217.88
4/10/2008,83030,150,$300.99
4/10/2008,83050,170,$215.53
4/10/2008,83060,170,$124.58
4/10/2008,83070,170,$147.36
4/10/2008,84020,130,$245.31
4/10/2008,84020,170,$141.63
4/10/2008,85010,170,$87.62
4/10/2008,85510,170,$558.00
4/10/2008,86010,110,$186.75
4/10/2008,86010,130,$9.36
4/10/2008,86010,150,$329.79
4/10/2008,86010,160,$66.09
4/10/2008,86010,165,$23.62
4/10/2008,86010,170,$12.77
4/10/2008,86020,110,$4.70
4/10/2008,86020,150,$22.63
4/10/2008,86030,110,$116.22
4/10/2008,86030,150,$17.68
4/10/2008,86040,110,$352.80
4/10/2008,86040,150,$247.53
4/10/2008,86050,110,$193.45
4/10/2008,86050,150,$59.28
4/10/2008,86050,160,$71.16
4/10/2008,86080,110,$38.83
4/10/2008,86100,110,$126.25
4/10/2008,86100,150,$477.10
4/10/2008,86100,160,$31.23
4/10/2008,86100,170,$226.40
4/10/2008,86135,110,$460.80
4/10/2008,86140,110,$27.46
4/10/2008,86150,110,$14.68
4/10/2008,86180,110,$201.05
4/10/2008,86180,130,$33.74
4/10/2008,86180,140,$17.82
4/10/2008,86180,160,$374.65
4/10/2008,86200,110,$109.48
4/10/2008,86200,160,$268.14
4/10/2008,86260,120,$69.68
4/10/2008,86270,150,$90.59
4/10/2008,86280,150,$32.28
4/10/2008,86290,150,$158.99
4/10/2008,86310,150,$141.81
4/10/2008,86330,150,$341.87
4/10/2008,86340,150,$6.08
4/10/2008,86350,150,$106.46
4/10/2008,86360,150,$85.06
4/10/2008,86400,170,$0.17
4/11/2008,61510,150,($53.16)
4/11/2008,61520,150,($168.58)
4/11/2008,61530,150,($39.97)
4/11/2008,61540,150,($11.12)
4/11/2008,61550,150,($120.93)
4/11/2008,61560,150,($48.22)
4/11/2008,61570,150,($102.38)
4/11/2008,62010,150,($543.09)
4/11/2008,62020,150,($601.39)
4/11/2008,62030,150,($69.35)
4/11/2008,62099,150,$19.34
4/11/2008,62510,120,($119.51)
4/11/2008,62520,120,($92.36)
4/11/2008,62530,120,($27.73)
4/11/2008,62550,120,($26.70)
4/11/2008,62560,120,($8.03)
4/11/2008,63050,150,($5.50)
4/11/2008,63060,150,($0.72)
4/11/2008,64000,150,$159.79
4/11/2008,64010,150,$27.12
4/11/2008,64020,150,$4.50
4/11/2008,65520,110,($4.37)
4/11/2008,65540,110,($106.47)
4/11/2008,65550,110,($60.41)
4/11/2008,65570,110,($0.97)
4/11/2008,65590,110,($32.64)
4/11/2008,65600,110,($368.53)
4/11/2008,65610,110,($114.94)
4/11/2008,65620,110,($20.12)
4/11/2008,65650,110,($201.46)
4/11/2008,65660,110,($104.45)
4/11/2008,65690,110,($19.43)
4/11/2008,65700,110,($138.32)
4/11/2008,65710,110,($370.82)
4/11/2008,65730,110,($5.32)
4/11/2008,65740,110,($362.39)
4/11/2008,65750,110,($422.38)
4/11/2008,65760,110,($2.63)
4/11/2008,66010,130,($11.39)
4/11/2008,66020,130,($234.58)
4/11/2008,66030,130,($2.67)
4/11/2008,66040,130,($11.30)
4/11/2008,66050,130,($36.25)
4/11/2008,66070,130,($7.68)
4/11/2008,66080,130,($3.04)
4/11/2008,66090,130,($6.01)
4/11/2008,66100,130,($4.69)
4/11/2008,66110,130,($0.50)
4/11/2008,66120,130,($0.93)
4/11/2008,66130,130,($61.23)
4/11/2008,66510,140,($37.90)
4/11/2008,66520,140,($31.49)
4/11/2008,66530,140,($10.21)
4/11/2008,66550,140,($30.00)
4/11/2008,68050,170,($0.03)
4/11/2008,68060,170,($0.61)
4/12/2008,61510,150,($70.88)
4/12/2008,61520,150,($224.77)
4/12/2008,61530,150,($53.30)
4/12/2008,61540,150,($14.83)
4/12/2008,61550,150,($161.24)
4/12/2008,61560,150,($64.30)
4/12/2008,61570,150,($136.50)
4/12/2008,62010,150,($724.11)
4/12/2008,62020,150,($801.86)
4/12/2008,62030,150,($92.47)
4/12/2008,62099,150,$25.79
4/12/2008,62510,120,($159.35)
4/12/2008,62520,120,($123.15)
4/12/2008,62530,120,($36.97)
4/12/2008,62550,120,($35.60)
4/12/2008,62560,120,($10.71)
4/12/2008,63050,150,($7.34)
4/12/2008,63060,150,($0.96)
4/12/2008,64000,150,$213.06
4/12/2008,64010,150,$36.16
4/12/2008,64020,150,$6.00
4/12/2008,65520,110,($5.83)
4/12/2008,65540,110,($141.96)
4/12/2008,65550,110,($80.54)
4/12/2008,65570,110,($1.30)
4/12/2008,65590,110,($43.51)
4/12/2008,65600,110,($491.38)
4/12/2008,65610,110,($153.25)
4/12/2008,65620,110,($26.83)
4/12/2008,65650,110,($268.61)
4/12/2008,65660,110,($139.27)
4/12/2008,65690,110,($25.90)
4/12/2008,65700,110,($184.43)
4/12/2008,65710,110,($494.43)
4/12/2008,65730,110,($7.09)
4/12/2008,65740,110,($483.18)
4/12/2008,65750,110,($563.18)
4/12/2008,65760,110,($3.51)
4/12/2008,66010,130,($15.19)
4/12/2008,66020,130,($312.77)
4/12/2008,66030,130,($3.56)
4/12/2008,66040,130,($15.07)
4/12/2008,66050,130,($48.33)
4/12/2008,66070,130,($10.25)
4/12/2008,66080,130,($4.05)
4/12/2008,66090,130,($8.02)
4/12/2008,66100,130,($6.25)
4/12/2008,66110,130,($0.67)
4/12/2008,66120,130,($1.24)
4/12/2008,66130,130,($81.63)
4/12/2008,66510,140,($50.54)
4/12/2008,66520,140,($41.99)
4/12/2008,66530,140,($13.61)
4/12/2008,66550,140,($40.00)
4/12/2008,68050,170,($0.05)
4/12/2008,68060,170,($0.81)
4/13/2008,61510,150,($69.79)
4/13/2008,61520,150,($221.30)
4/13/2008,61530,150,($52.48)
4/13/2008,61540,150,($14.60)
4/13/2008,61550,150,($158.75)
4/13/2008,61560,150,($63.31)
4/13/2008,61570,150,($134.40)
4/13/2008,62010,150,($712.94)
4/13/2008,62020,150,($789.49)
4/13/2008,62030,150,($91.04)
4/13/2008,62099,150,$25.39
4/13/2008,62510,120,($156.89)
4/13/2008,62520,120,($121.25)
4/13/2008,62530,120,($36.40)
4/13/2008,62550,120,($35.05)
4/13/2008,62560,120,($10.55)
4/13/2008,63050,150,($7.23)
4/13/2008,63060,150,($0.94)
4/13/2008,64000,150,$209.77
4/13/2008,64010,150,$35.60
4/13/2008,64020,150,$5.91
4/13/2008,65520,110,($5.74)
4/13/2008,65540,110,($139.77)
4/13/2008,65550,110,($79.30)
4/13/2008,65570,110,($1.28)
4/13/2008,65590,110,($42.84)
4/13/2008,65600,110,($483.80)
4/13/2008,65610,110,($150.89)
4/13/2008,65620,110,($26.41)
4/13/2008,65650,110,($264.46)
4/13/2008,65660,110,($137.12)
4/13/2008,65690,110,($25.50)
4/13/2008,65700,110,($181.58)
4/13/2008,65710,110,($486.80)
4/13/2008,65730,110,($6.98)
4/13/2008,65740,110,($475.72)
4/13/2008,65750,110,($554.48)
4/13/2008,65760,110,($3.46)
4/13/2008,66010,130,($14.95)
4/13/2008,66020,130,($307.95)
4/13/2008,66030,130,($3.51)
4/13/2008,66040,130,($14.83)
4/13/2008,66050,130,($47.59)
4/13/2008,66070,130,($10.09)
4/13/2008,66080,130,($3.99)
4/13/2008,66090,130,($7.90)
4/13/2008,66100,130,($6.15)
4/13/2008,66110,130,($0.66)
4/13/2008,66120,130,($1.22)
4/13/2008,66130,130,($80.37)
4/13/2008,66510,140,($49.76)
4/13/2008,66520,140,($41.34)
4/13/2008,66530,140,($13.40)
4/13/2008,66550,140,($39.38)
4/13/2008,68050,170,($0.05)
4/13/2008,68060,170,($0.80)
4/14/2008,61510,150,($64.98)
4/14/2008,61520,150,($206.04)
4/14/2008,61530,150,($48.86)
4/14/2008,61540,150,($13.59)
4/14/2008,61550,150,($147.80)
4/14/2008,61560,150,($58.94)
4/14/2008,61570,150,($125.13)
4/14/2008,62010,150,($663.77)
4/14/2008,62020,150,($735.04)
4/14/2008,62030,150,($84.76)
4/14/2008,62099,150,$23.64
4/14/2008,62510,120,($146.07)
4/14/2008,62520,120,($112.88)
4/14/2008,62530,120,($33.89)
4/14/2008,62550,120,($32.63)
4/14/2008,62560,120,($9.82)
4/14/2008,63050,150,($6.73)
4/14/2008,63060,150,($0.88)
4/14/2008,64000,150,$195.30
4/14/2008,64010,150,$33.15
4/14/2008,64020,150,$5.50
4/14/2008,65520,110,($5.35)
4/14/2008,65540,110,($130.13)
4/14/2008,65550,110,($73.83)
4/14/2008,65570,110,($1.19)
4/14/2008,65590,110,($39.89)
4/14/2008,65600,110,($450.43)
4/14/2008,65610,110,($140.48)
4/14/2008,65620,110,($24.59)
4/14/2008,65650,110,($246.22)
4/14/2008,65660,110,($127.67)
4/14/2008,65690,110,($23.74)
4/14/2008,65700,110,($169.06)
4/14/2008,65710,110,($453.23)
4/14/2008,65730,110,($6.50)
4/14/2008,65740,110,($442.92)
4/14/2008,65750,110,($516.24)
4/14/2008,65760,110,($3.22)
4/14/2008,66010,130,($13.92)
4/14/2008,66020,130,($286.71)
4/14/2008,66030,130,($3.27)
4/14/2008,66040,130,($13.81)
4/14/2008,66050,130,($44.30)
4/14/2008,66070,130,($9.39)
4/14/2008,66080,130,($3.71)
4/14/2008,66090,130,($7.35)
4/14/2008,66100,130,($5.73)
4/14/2008,66110,130,($0.61)
4/14/2008,66120,130,($1.14)
4/14/2008,66130,130,($74.83)
4/14/2008,66510,140,($46.33)
4/14/2008,66520,140,($38.49)
4/14/2008,66530,140,($12.47)
4/14/2008,66550,140,($36.67)
4/14/2008,68050,170,($0.04)
4/14/2008,68060,170,($0.74)
4/15/2008,61510,150,($64.98)
4/15/2008,61520,150,($206.04)
4/15/2008,61530,150,($48.86)
4/15/2008,61540,150,($13.59)
4/15/2008,61550,150,($147.80)
4/15/2008,61560,150,($58.94)
4/15/2008,61570,150,($125.13)
4/15/2008,62010,150,($663.77)
4/15/2008,62020,150,($735.04)
4/15/2008,62030,150,($84.76)
4/15/2008,62099,150,$23.64
4/15/2008,62510,120,($146.07)
4/15/2008,62520,120,($112.88)
4/15/2008,62530,120,($33.89)
4/15/2008,62550,120,($32.63)
4/15/2008,62560,120,($9.82)
4/15/2008,63050,150,($6.73)
4/15/2008,63060,150,($0.88)
4/15/2008,64000,150,$195.30
4/15/2008,64010,150,$33.15
4/15/2008,64020,150,$5.50
4/15/2008,65520,110,($5.35)
4/15/2008,65540,110,($130.13)
4/15/2008,65550,110,($73.83)
4/15/2008,65570,110,($1.19)
4/15/2008,65590,110,($39.89)
4/15/2008,65600,110,($450.43)
4/15/2008,65610,110,($140.48)
4/15/2008,65620,110,($24.59)
4/15/2008,65650,110,($246.22)
4/15/2008,65660,110,($127.67)
4/15/2008,65690,110,($23.74)
4/15/2008,65700,110,($169.06)
4/15/2008,65710,110,($453.23)
4/15/2008,65730,110,($6.50)
4/15/2008,65740,110,($442.92)
4/15/2008,65750,110,($516.24)
4/15/2008,65760,110,($3.22)
4/15/2008,66010,130,($13.92)
4/15/2008,66020,130,($286.71)
4/15/2008,66030,130,($3.27)
4/15/2008,66040,130,($13.81)
4/15/2008,66050,130,($44.30)
4/15/2008,66070,130,($9.39)
4/15/2008,66080,130,($3.71)
4/15/2008,66090,130,($7.35)
4/15/2008,66100,130,($5.73)
4/15/2008,66110,130,($0.61)
4/15/2008,66120,130,($1.14)
4/15/2008,66130,130,($74.83)
4/15/2008,66510,140,($46.33)
4/15/2008,66520,140,($38.49)
4/15/2008,66530,140,($12.47)
4/15/2008,66550,140,($36.67)
4/15/2008,68050,170,($0.04)
4/15/2008,68060,170,($0.74)
4/16/2008,61510,150,($64.98)
4/16/2008,61520,150,($206.04)
4/16/2008,61530,150,($48.86)
4/16/2008,61540,150,($13.59)
4/16/2008,61550,150,($147.80)
4/16/2008,61560,150,($58.94)
4/16/2008,61570,150,($125.13)
4/16/2008,62010,150,($663.77)
4/16/2008,62020,150,($735.04)
4/16/2008,62030,150,($84.76)
4/16/2008,62099,150,$23.64
4/16/2008,62510,120,($146.07)
4/16/2008,62520,120,($112.88)
4/16/2008,62530,120,($33.89)
4/16/2008,62550,120,($32.63)
4/16/2008,62560,120,($9.82)
4/16/2008,63050,150,($6.73)
4/16/2008,63060,150,($0.88)
4/16/2008,64000,150,$195.30
4/16/2008,64010,150,$33.15
4/16/2008,64020,150,$5.50
4/16/2008,65520,110,($5.35)
4/16/2008,65540,110,($130.13)
4/16/2008,65550,110,($73.83)
4/16/2008,65570,110,($1.19)
4/16/2008,65590,110,($39.89)
4/16/2008,65600,110,($450.43)
4/16/2008,65610,110,($140.48)
4/16/2008,65620,110,($24.59)
4/16/2008,65650,110,($246.22)
4/16/2008,65660,110,($127.67)
4/16/2008,65690,110,($23.74)
4/16/2008,65700,110,($169.06)
4/16/2008,65710,110,($453.23)
4/16/2008,65730,110,($6.50)
4/16/2008,65740,110,($442.92)
4/16/2008,65750,110,($516.24)
4/16/2008,65760,110,($3.22)
4/16/2008,66010,130,($13.92)
4/16/2008,66020,130,($286.71)
4/16/2008,66030,130,($3.27)
4/16/2008,66040,130,($13.81)
4/16/2008,66050,130,($44.30)
4/16/2008,66070,130,($9.39)
4/16/2008,66080,130,($3.71)
4/16/2008,66090,130,($7.35)
4/16/2008,66100,130,($5.73)
4/16/2008,66110,130,($0.61)
4/16/2008,66120,130,($1.14)
4/16/2008,66130,130,($74.83)
4/16/2008,66510,140,($46.33)
4/16/2008,66520,140,($38.49)
4/16/2008,66530,140,($12.47)
4/16/2008,66550,140,($36.67)
4/16/2008,68050,170,($0.04)
4/16/2008,68060,170,($0.74)
4/17/2008,61510,150,($64.98)
4/17/2008,61520,150,($206.04)
4/17/2008,61530,150,($48.86)
4/17/2008,61540,150,($13.59)
4/17/2008,61550,150,($147.80)
4/17/2008,61560,150,($58.94)
4/17/2008,61570,150,($125.13)
4/17/2008,62010,150,($663.77)
4/17/2008,62020,150,($735.04)
4/17/2008,62030,150,($84.76)
4/17/2008,62099,150,$23.64
4/17/2008,62510,120,($146.07)
4/17/2008,62520,120,($112.88)
4/17/2008,62530,120,($33.89)
4/17/2008,62550,120,($32.63)
4/17/2008,62560,120,($9.82)
4/17/2008,63050,150,($6.73)
4/17/2008,63060,150,($0.88)
4/17/2008,64000,150,$195.30
4/17/2008,64010,150,$33.15
4/17/2008,64020,150,$5.50
4/17/2008,65520,110,($5.35)
4/17/2008,65540,110,($130.13)
4/17/2008,65550,110,($73.83)
4/17/2008,65570,110,($1.19)
4/17/2008,65590,110,($39.89)
4/17/2008,65600,110,($450.43)
4/17/2008,65610,110,($140.48)
4/17/2008,65620,110,($24.59)
4/17/2008,65650,110,($246.22)
4/17/2008,65660,110,($127.67)
4/17/2008,65690,110,($23.74)
4/17/2008,65700,110,($169.06)
4/17/2008,65710,110,($453.23)
4/17/2008,65730,110,($6.50)
4/17/2008,65740,110,($442.92)
4/17/2008,65750,110,($516.24)
4/17/2008,65760,110,($3.22)
4/17/2008,66010,130,($13.92)
4/17/2008,66020,130,($286.71)
4/17/2008,66030,130,($3.27)
4/17/2008,66040,130,($13.81)
4/17/2008,66050,130,($44.30)
4/17/2008,66070,130,($9.39)
4/17/2008,66080,130,($3.71)
4/17/2008,66090,130,($7.35)
4/17/2008,66100,130,($5.73)
4/17/2008,66110,130,($0.61)
4/17/2008,66120,130,($1.14)
4/17/2008,66130,130,($74.83)
4/17/2008,66510,140,($46.33)
4/17/2008,66520,140,($38.49)
4/17/2008,66530,140,($12.47)
4/17/2008,66550,140,($36.67)
4/17/2008,68050,170,($0.04)
4/17/2008,68060,170,($0.74)
4/17/2008,71010,120,$786.93
4/17/2008,71020,120,$575.77
4/17/2008,71030,120,$161.29
4/17/2008,71050,120,$221.91
4/17/2008,71060,120,$47.39
4/17/2008,71070,120,($130.62)
4/17/2008,71075,120,$82.25
4/17/2008,71080,120,$7.50
4/17/2008,71160,150,$46.88
4/17/2008,71170,150,$284.43
4/17/2008,71180,150,$28.36
4/17/2008,71190,150,$44.51
4/17/2008,71200,150,$124.98
4/17/2008,71240,150,$916.70
4/17/2008,71299,150,($29.73)
4/17/2008,71310,150,"$4,114.57"
4/17/2008,71325,150,($511.77)
4/17/2008,71550,150,($26.01)
4/17/2008,71560,140,($242.50)
4/17/2008,72010,110,"$2,421.29"
4/17/2008,72020,110,"$3,610.33"
4/17/2008,72040,130,$501.82
4/17/2008,72050,140,$665.50
4/17/2008,72060,150,"$3,334.70"
4/17/2008,72070,150,"$3,980.18"
4/17/2008,72090,150,"$1,076.81"
4/17/2008,72100,150,$267.75
4/17/2008,72110,160,"$2,375.48"
4/17/2008,72120,160,"$3,186.19"
4/17/2008,72130,160,"$2,285.22"
4/17/2008,72140,160,"$1,046.04"
4/17/2008,72150,165,"$2,025.86"
4/17/2008,72160,170,"$1,892.54"
4/17/2008,72999,150,($287.88)
4/17/2008,73010,110,$260.50
4/17/2008,73010,130,$24.86
4/17/2008,73010,140,$29.04
4/17/2008,73010,150,$326.84
4/17/2008,73010,160,$380.70
4/17/2008,73010,165,$90.07
4/17/2008,73010,170,$193.18
4/17/2008,73020,110,$149.44
4/17/2008,73020,130,$12.54
4/17/2008,73020,140,$14.74
4/17/2008,73020,150,$213.60
4/17/2008,73020,160,$204.16
4/17/2008,73020,165,$47.08
4/17/2008,73020,170,$37.22
4/17/2008,73030,110,$380.29
4/17/2008,73030,150,$462.01
4/17/2008,73030,160,$336.17
4/17/2008,73030,165,$87.75
4/17/2008,73030,170,$52.08
4/17/2008,73040,110,$146.52
4/17/2008,73040,150,$233.64
4/17/2008,73040,160,$110.88
4/17/2008,73040,165,$35.64
4/17/2008,73050,110,$61.64
4/17/2008,73050,130,$7.04
4/17/2008,73050,140,$8.57
4/17/2008,73050,150,$92.38
4/17/2008,73050,160,$90.88
4/17/2008,73050,165,$20.74
4/17/2008,73050,170,$15.94
4/17/2008,80990,110,"$2,326.25"
4/17/2008,81010,110,$65.78
4/17/2008,81010,160,$6.60
4/17/2008,81020,160,$32.60
4/17/2008,81030,160,$391.82
4/17/2008,81050,160,$603.98
4/17/2008,81080,160,$200.95
4/17/2008,81090,160,$879.73
4/17/2008,81100,160,$562.00
4/17/2008,81110,160,$7.93
4/17/2008,81130,160,$65.87
4/17/2008,81150,160,$384.10
4/17/2008,81170,160,$3.36
4/17/2008,81180,160,$128.83
4/17/2008,81190,160,$32.48
4/17/2008,81200,160,$30.64
4/17/2008,81210,160,$428.25
4/17/2008,81220,160,$320.62
4/17/2008,81230,160,$95.44
4/17/2008,81240,160,$72.97
4/17/2008,81260,160,$35.00
4/17/2008,81270,160,$397.16
4/17/2008,81280,160,$140.62
4/17/2008,81350,160,$10.36
4/17/2008,81900,165,$262.86
4/17/2008,82010,130,$36.29
4/17/2008,82020,130,$13.99
4/17/2008,82030,130,$22.00
4/17/2008,82040,130,$31.57
4/17/2008,82040,140,$4.21
4/17/2008,82050,150,$328.76
4/17/2008,82060,170,"$1,007.93"
4/17/2008,83010,160,$22.53
4/17/2008,83010,170,$118.92
4/17/2008,83020,130,$80.96
4/17/2008,83020,160,$441.63
4/17/2008,83020,170,$266.29
4/17/2008,83030,150,$367.88
4/17/2008,83050,170,$263.43
4/17/2008,83060,170,$152.26
4/17/2008,83070,170,$180.11
4/17/2008,84020,130,$299.83
4/17/2008,84020,170,$173.10
4/17/2008,85010,170,$107.09
4/17/2008,85510,170,$682.00
4/17/2008,86010,110,$228.25
4/17/2008,86010,130,$11.44
4/17/2008,86010,150,$403.08
4/17/2008,86010,160,$80.78
4/17/2008,86010,165,$28.87
4/17/2008,86010,170,$15.60
4/17/2008,86020,110,$5.74
4/17/2008,86020,150,$27.66
4/17/2008,86030,110,$142.04
4/17/2008,86030,150,$21.61
4/17/2008,86040,110,$431.20
4/17/2008,86040,150,$302.54
4/17/2008,86050,110,$236.43
4/17/2008,86050,150,$72.45
4/17/2008,86050,160,$86.98
4/17/2008,86080,110,$47.46
4/17/2008,86100,110,$154.30
4/17/2008,86100,150,$583.12
4/17/2008,86100,160,$38.17
4/17/2008,86100,170,$276.71
4/17/2008,86135,110,$563.20
4/17/2008,86140,110,$33.57
4/17/2008,86150,110,$17.95
4/17/2008,86180,110,$245.73
4/17/2008,86180,130,$41.24
4/17/2008,86180,140,$21.78
4/17/2008,86180,160,$457.90
4/17/2008,86200,110,$133.81
4/17/2008,86200,160,$327.73
4/17/2008,86260,120,$85.16
4/17/2008,86270,150,$110.72
4/17/2008,86280,150,$39.46
4/17/2008,86290,150,$194.32
4/17/2008,86310,150,$173.32
4/17/2008,86330,150,$417.84
4/17/2008,86340,150,$7.43
4/17/2008,86350,150,$130.12
4/17/2008,86360,150,$103.97
4/17/2008,86400,170,$0.21
4/18/2008,61510,150,($64.98)
4/18/2008,61520,150,($206.04)
4/18/2008,61530,150,($48.86)
4/18/2008,61540,150,($13.59)
4/18/2008,61550,150,($147.80)
4/18/2008,61560,150,($58.94)
4/18/2008,61570,150,($125.13)
4/18/2008,62010,150,($663.77)
4/18/2008,62020,150,($735.04)
4/18/2008,62030,150,($84.76)
4/18/2008,62099,150,$23.64
4/18/2008,62510,120,($146.07)
4/18/2008,62520,120,($112.88)
4/18/2008,62530,120,($33.89)
4/18/2008,62550,120,($32.63)
4/18/2008,62560,120,($9.82)
4/18/2008,63050,150,($6.73)
4/18/2008,63060,150,($0.88)
4/18/2008,64000,150,$195.30
4/18/2008,64010,150,$33.15
4/18/2008,64020,150,$5.50
4/18/2008,65520,110,($5.35)
4/18/2008,65540,110,($130.13)
4/18/2008,65550,110,($73.83)
4/18/2008,65570,110,($1.19)
4/18/2008,65590,110,($39.89)
4/18/2008,65600,110,($450.43)
4/18/2008,65610,110,($140.48)
4/18/2008,65620,110,($24.59)
4/18/2008,65650,110,($246.22)
4/18/2008,65660,110,($127.67)
4/18/2008,65690,110,($23.74)
4/18/2008,65700,110,($169.06)
4/18/2008,65710,110,($453.23)
4/18/2008,65730,110,($6.50)
4/18/2008,65740,110,($442.92)
4/18/2008,65750,110,($516.24)
4/18/2008,65760,110,($3.22)
4/18/2008,66010,130,($13.92)
4/18/2008,66020,130,($286.71)
4/18/2008,66030,130,($3.27)
4/18/2008,66040,130,($13.81)
4/18/2008,66050,130,($44.30)
4/18/2008,66070,130,($9.39)
4/18/2008,66080,130,($3.71)
4/18/2008,66090,130,($7.35)
4/18/2008,66100,130,($5.73)
4/18/2008,66110,130,($0.61)
4/18/2008,66120,130,($1.14)
4/18/2008,66130,130,($74.83)
4/18/2008,66510,140,($46.33)
4/18/2008,66520,140,($38.49)
4/18/2008,66530,140,($12.47)
4/18/2008,66550,140,($36.67)
4/18/2008,68050,170,($0.04)
4/18/2008,68060,170,($0.74)
4/19/2008,61510,150,($86.64)
4/19/2008,61520,150,($274.72)
4/19/2008,61530,150,($65.14)
4/19/2008,61540,150,($18.12)
4/19/2008,61550,150,($197.07)
4/19/2008,61560,150,($78.59)
4/19/2008,61570,150,($166.84)
4/19/2008,62010,150,($885.03)
4/19/2008,62020,150,($980.05)
4/19/2008,62030,150,($113.02)
4/19/2008,62099,150,$31.53
4/19/2008,62510,120,($194.76)
4/19/2008,62520,120,($150.51)
4/19/2008,62530,120,($45.18)
4/19/2008,62550,120,($43.51)
4/19/2008,62560,120,($13.09)
4/19/2008,63050,150,($8.97)
4/19/2008,63060,150,($1.17)
4/19/2008,64000,150,$260.40
4/19/2008,64010,150,$44.19
4/19/2008,64020,150,$7.33
4/19/2008,65520,110,($7.13)
4/19/2008,65540,110,($173.51)
4/19/2008,65550,110,($98.44)
4/19/2008,65570,110,($1.58)
4/19/2008,65590,110,($53.18)
4/19/2008,65600,110,($600.57)
4/19/2008,65610,110,($187.31)
4/19/2008,65620,110,($32.79)
4/19/2008,65650,110,($328.30)
4/19/2008,65660,110,($170.22)
4/19/2008,65690,110,($31.66)
4/19/2008,65700,110,($225.41)
4/19/2008,65710,110,($604.30)
4/19/2008,65730,110,($8.66)
4/19/2008,65740,110,($590.55)
4/19/2008,65750,110,($688.33)
4/19/2008,65760,110,($4.29)
4/19/2008,66010,130,($18.56)
4/19/2008,66020,130,($382.28)
4/19/2008,66030,130,($4.36)
4/19/2008,66040,130,($18.41)
4/19/2008,66050,130,($59.07)
4/19/2008,66070,130,($12.52)
4/19/2008,66080,130,($4.95)
4/19/2008,66090,130,($9.80)
4/19/2008,66100,130,($7.64)
4/19/2008,66110,130,($0.82)
4/19/2008,66120,130,($1.52)
4/19/2008,66130,130,($99.77)
4/19/2008,66510,140,($61.77)
4/19/2008,66520,140,($51.32)
4/19/2008,66530,140,($16.63)
4/19/2008,66550,140,($48.89)
4/19/2008,68050,170,($0.06)
4/19/2008,68060,170,($0.99)
4/20/2008,61510,150,($85.65)
4/20/2008,61520,150,($271.60)
4/20/2008,61530,150,($64.40)
4/20/2008,61540,150,($17.91)
4/20/2008,61550,150,($194.83)
4/20/2008,61560,150,($77.70)
4/20/2008,61570,150,($164.94)
4/20/2008,62010,150,($874.97)
4/20/2008,62020,150,($968.91)
4/20/2008,62030,150,($111.73)
4/20/2008,62099,150,$31.17
4/20/2008,62510,120,($192.55)
4/20/2008,62520,120,($148.80)
4/20/2008,62530,120,($44.67)
4/20/2008,62550,120,($43.01)
4/20/2008,62560,120,($12.94)
4/20/2008,63050,150,($8.87)
4/20/2008,63060,150,($1.16)
4/20/2008,64000,150,$257.45
4/20/2008,64010,150,$43.69
4/20/2008,64020,150,$7.25
4/20/2008,65520,110,($7.05)
4/20/2008,65540,110,($171.54)
4/20/2008,65550,110,($97.32)
4/20/2008,65570,110,($1.57)
4/20/2008,65590,110,($52.58)
4/20/2008,65600,110,($593.75)
4/20/2008,65610,110,($185.18)
4/20/2008,65620,110,($32.42)
4/20/2008,65650,110,($324.57)
4/20/2008,65660,110,($168.29)
4/20/2008,65690,110,($31.30)
4/20/2008,65700,110,($222.85)
4/20/2008,65710,110,($597.44)
4/20/2008,65730,110,($8.56)
4/20/2008,65740,110,($583.84)
4/20/2008,65750,110,($680.50)
4/20/2008,65760,110,($4.24)
4/20/2008,66010,130,($18.35)
4/20/2008,66020,130,($377.94)
4/20/2008,66030,130,($4.31)
4/20/2008,66040,130,($18.21)
4/20/2008,66050,130,($58.40)
4/20/2008,66070,130,($12.38)
4/20/2008,66080,130,($4.90)
4/20/2008,66090,130,($9.69)
4/20/2008,66100,130,($7.55)
4/20/2008,66110,130,($0.81)
4/20/2008,66120,130,($1.50)
4/20/2008,66130,130,($98.64)
4/20/2008,66510,140,($61.07)
4/20/2008,66520,140,($50.74)
4/20/2008,66530,140,($16.44)
4/20/2008,66550,140,($48.34)
4/20/2008,68050,170,($0.06)
4/20/2008,68060,170,($0.98)
4/21/2008,61510,150,($79.74)
4/21/2008,61520,150,($252.87)
4/21/2008,61530,150,($59.96)
4/21/2008,61540,150,($16.68)
4/21/2008,61550,150,($181.39)
4/21/2008,61560,150,($72.34)
4/21/2008,61570,150,($153.57)
4/21/2008,62010,150,($814.63)
4/21/2008,62020,150,($902.09)
4/21/2008,62030,150,($104.03)
4/21/2008,62099,150,$29.02
4/21/2008,62510,120,($179.27)
4/21/2008,62520,120,($138.54)
4/21/2008,62530,120,($41.59)
4/21/2008,62550,120,($40.04)
4/21/2008,62560,120,($12.05)
4/21/2008,63050,150,($8.26)
4/21/2008,63060,150,($1.08)
4/21/2008,64000,150,$239.69
4/21/2008,64010,150,$40.68
4/21/2008,64020,150,$6.75
4/21/2008,65520,110,($6.56)
4/21/2008,65540,110,($159.71)
4/21/2008,65550,110,($90.61)
4/21/2008,65570,110,($1.46)
4/21/2008,65590,110,($48.95)
4/21/2008,65600,110,($552.80)
4/21/2008,65610,110,($172.41)
4/21/2008,65620,110,($30.18)
4/21/2008,65650,110,($302.18)
4/21/2008,65660,110,($156.68)
4/21/2008,65690,110,($29.14)
4/21/2008,65700,110,($207.48)
4/21/2008,65710,110,($556.24)
4/21/2008,65730,110,($7.97)
4/21/2008,65740,110,($543.58)
4/21/2008,65750,110,($633.57)
4/21/2008,65760,110,($3.95)
4/21/2008,66010,130,($17.09)
4/21/2008,66020,130,($351.87)
4/21/2008,66030,130,($4.01)
4/21/2008,66040,130,($16.95)
4/21/2008,66050,130,($54.37)
4/21/2008,66070,130,($11.53)
4/21/2008,66080,130,($4.56)
4/21/2008,66090,130,($9.02)
4/21/2008,66100,130,($7.03)
4/21/2008,66110,130,($0.75)
4/21/2008,66120,130,($1.40)
4/21/2008,66130,130,($91.84)
4/21/2008,66510,140,($56.86)
4/21/2008,66520,140,($47.24)
4/21/2008,66530,140,($15.31)
4/21/2008,66550,140,($45.00)
4/21/2008,68050,170,($0.05)
4/21/2008,68060,170,($0.91)
4/22/2008,61510,150,($79.74)
4/22/2008,61520,150,($252.87)
4/22/2008,61530,150,($59.96)
4/22/2008,61540,150,($16.68)
4/22/2008,61550,150,($181.39)
4/22/2008,61560,150,($72.34)
4/22/2008,61570,150,($153.57)
4/22/2008,62010,150,($814.63)
4/22/2008,62020,150,($902.09)
4/22/2008,62030,150,($104.03)
4/22/2008,62099,150,$29.02
4/22/2008,62510,120,($179.27)
4/22/2008,62520,120,($138.54)
4/22/2008,62530,120,($41.59)
4/22/2008,62550,120,($40.04)
4/22/2008,62560,120,($12.05)
4/22/2008,63050,150,($8.26)
4/22/2008,63060,150,($1.08)
4/22/2008,64000,150,$239.69
4/22/2008,64010,150,$40.68
4/22/2008,64020,150,$6.75
4/22/2008,65520,110,($6.56)
4/22/2008,65540,110,($159.71)
4/22/2008,65550,110,($90.61)
4/22/2008,65570,110,($1.46)
4/22/2008,65590,110,($48.95)
4/22/2008,65600,110,($552.80)
4/22/2008,65610,110,($172.41)
4/22/2008,65620,110,($30.18)
4/22/2008,65650,110,($302.18)
4/22/2008,65660,110,($156.68)
4/22/2008,65690,110,($29.14)
4/22/2008,65700,110,($207.48)
4/22/2008,65710,110,($556.24)
4/22/2008,65730,110,($7.97)
4/22/2008,65740,110,($543.58)
4/22/2008,65750,110,($633.57)
4/22/2008,65760,110,($3.95)
4/22/2008,66010,130,($17.09)
4/22/2008,66020,130,($351.87)
4/22/2008,66030,130,($4.01)
4/22/2008,66040,130,($16.95)
4/22/2008,66050,130,($54.37)
4/22/2008,66070,130,($11.53)
4/22/2008,66080,130,($4.56)
4/22/2008,66090,130,($9.02)
4/22/2008,66100,130,($7.03)
4/22/2008,66110,130,($0.75)
4/22/2008,66120,130,($1.40)
4/22/2008,66130,130,($91.84)
4/22/2008,66510,140,($56.86)
4/22/2008,66520,140,($47.24)
4/22/2008,66530,140,($15.31)
4/22/2008,66550,140,($45.00)
4/22/2008,68050,170,($0.05)
4/22/2008,68060,170,($0.91)
4/23/2008,61510,150,($79.74)
4/23/2008,61520,150,($252.87)
4/23/2008,61530,150,($59.96)
4/23/2008,61540,150,($16.68)
4/23/2008,61550,150,($181.39)
4/23/2008,61560,150,($72.34)
4/23/2008,61570,150,($153.57)
4/23/2008,62010,150,($814.63)
4/23/2008,62020,150,($902.09)
4/23/2008,62030,150,($104.03)
4/23/2008,62099,150,$29.02
4/23/2008,62510,120,($179.27)
4/23/2008,62520,120,($138.54)
4/23/2008,62530,120,($41.59)
4/23/2008,62550,120,($40.04)
4/23/2008,62560,120,($12.05)
4/23/2008,63050,150,($8.26)
4/23/2008,63060,150,($1.08)
4/23/2008,64000,150,$239.69
4/23/2008,64010,150,$40.68
4/23/2008,64020,150,$6.75
4/23/2008,65520,110,($6.56)
4/23/2008,65540,110,($159.71)
4/23/2008,65550,110,($90.61)
4/23/2008,65570,110,($1.46)
4/23/2008,65590,110,($48.95)
4/23/2008,65600,110,($552.80)
4/23/2008,65610,110,($172.41)
4/23/2008,65620,110,($30.18)
4/23/2008,65650,110,($302.18)
4/23/2008,65660,110,($156.68)
4/23/2008,65690,110,($29.14)
4/23/2008,65700,110,($207.48)
4/23/2008,65710,110,($556.24)
4/23/2008,65730,110,($7.97)
4/23/2008,65740,110,($543.58)
4/23/2008,65750,110,($633.57)
4/23/2008,65760,110,($3.95)
4/23/2008,66010,130,($17.09)
4/23/2008,66020,130,($351.87)
4/23/2008,66030,130,($4.01)
4/23/2008,66040,130,($16.95)
4/23/2008,66050,130,($54.37)
4/23/2008,66070,130,($11.53)
4/23/2008,66080,130,($4.56)
4/23/2008,66090,130,($9.02)
4/23/2008,66100,130,($7.03)
4/23/2008,66110,130,($0.75)
4/23/2008,66120,130,($1.40)
4/23/2008,66130,130,($91.84)
4/23/2008,66510,140,($56.86)
4/23/2008,66520,140,($47.24)
4/23/2008,66530,140,($15.31)
4/23/2008,66550,140,($45.00)
4/23/2008,68050,170,($0.05)
4/23/2008,68060,170,($0.91)
4/24/2008,61510,150,($79.74)
4/24/2008,61520,150,($252.87)
4/24/2008,61530,150,($59.96)
4/24/2008,61540,150,($16.68)
4/24/2008,61550,150,($181.39)
4/24/2008,61560,150,($72.34)
4/24/2008,61570,150,($153.57)
4/24/2008,62010,150,($814.63)
4/24/2008,62020,150,($902.09)
4/24/2008,62030,150,($104.03)
4/24/2008,62099,150,$29.02
4/24/2008,62510,120,($179.27)
4/24/2008,62520,120,($138.54)
4/24/2008,62530,120,($41.59)
4/24/2008,62550,120,($40.04)
4/24/2008,62560,120,($12.05)
4/24/2008,63050,150,($8.26)
4/24/2008,63060,150,($1.08)
4/24/2008,64000,150,$239.69
4/24/2008,64010,150,$40.68
4/24/2008,64020,150,$6.75
4/24/2008,65520,110,($6.56)
4/24/2008,65540,110,($159.71)
4/24/2008,65550,110,($90.61)
4/24/2008,65570,110,($1.46)
4/24/2008,65590,110,($48.95)
4/24/2008,65600,110,($552.80)
4/24/2008,65610,110,($172.41)
4/24/2008,65620,110,($30.18)
4/24/2008,65650,110,($302.18)
4/24/2008,65660,110,($156.68)
4/24/2008,65690,110,($29.14)
4/24/2008,65700,110,($207.48)
4/24/2008,65710,110,($556.24)
4/24/2008,65730,110,($7.97)
4/24/2008,65740,110,($543.58)
4/24/2008,65750,110,($633.57)
4/24/2008,65760,110,($3.95)
4/24/2008,66010,130,($17.09)
4/24/2008,66020,130,($351.87)
4/24/2008,66030,130,($4.01)
4/24/2008,66040,130,($16.95)
4/24/2008,66050,130,($54.37)
4/24/2008,66070,130,($11.53)
4/24/2008,66080,130,($4.56)
4/24/2008,66090,130,($9.02)
4/24/2008,66100,130,($7.03)
4/24/2008,66110,130,($0.75)
4/24/2008,66120,130,($1.40)
4/24/2008,66130,130,($91.84)
4/24/2008,66510,140,($56.86)
4/24/2008,66520,140,($47.24)
4/24/2008,66530,140,($15.31)
4/24/2008,66550,140,($45.00)
4/24/2008,68050,170,($0.05)
4/24/2008,68060,170,($0.91)
4/24/2008,71010,120,$965.78
4/24/2008,71020,120,$706.63
4/24/2008,71030,120,$197.94
4/24/2008,71050,120,$272.35
4/24/2008,71060,120,$58.16
4/24/2008,71070,120,($160.31)
4/24/2008,71075,120,$100.95
4/24/2008,71080,120,$9.21
4/24/2008,71160,150,$57.53
4/24/2008,71170,150,$349.07
4/24/2008,71180,150,$34.81
4/24/2008,71190,150,$54.62
4/24/2008,71200,150,$153.39
4/24/2008,71240,150,"$1,125.04"
4/24/2008,71299,150,($36.49)
4/24/2008,71310,150,"$5,049.70"
4/24/2008,71325,150,($628.08)
4/24/2008,71550,150,($31.92)
4/24/2008,71560,140,($297.61)
4/24/2008,72010,110,"$2,971.58"
4/24/2008,72020,110,"$4,430.86"
4/24/2008,72040,130,$615.87
4/24/2008,72050,140,$816.75
4/24/2008,72060,150,"$4,092.58"
4/24/2008,72070,150,"$4,884.77"
4/24/2008,72090,150,"$1,321.54"
4/24/2008,72100,150,$328.61
4/24/2008,72110,160,"$2,915.37"
4/24/2008,72120,160,"$3,910.33"
4/24/2008,72130,160,"$2,804.58"
4/24/2008,72140,160,"$1,283.78"
4/24/2008,72150,165,"$2,486.29"
4/24/2008,72160,170,"$2,322.67"
4/24/2008,72999,150,($353.30)
4/24/2008,73010,110,$319.70
4/24/2008,73010,130,$30.51
4/24/2008,73010,140,$35.64
4/24/2008,73010,150,$401.12
4/24/2008,73010,160,$467.23
4/24/2008,73010,165,$110.55
4/24/2008,73010,170,$237.09
4/24/2008,73020,110,$183.40
4/24/2008,73020,130,$15.39
4/24/2008,73020,140,$18.09
4/24/2008,73020,150,$262.14
4/24/2008,73020,160,$250.56
4/24/2008,73020,165,$57.79
4/24/2008,73020,170,$45.68
4/24/2008,73030,110,$466.72
4/24/2008,73030,150,$567.02
4/24/2008,73030,160,$412.57
4/24/2008,73030,165,$107.69
4/24/2008,73030,170,$63.91
4/24/2008,73040,110,$179.82
4/24/2008,73040,150,$286.74
4/24/2008,73040,160,$136.08
4/24/2008,73040,165,$43.74
4/24/2008,73050,110,$75.65
4/24/2008,73050,130,$8.64
4/24/2008,73050,140,$10.52
4/24/2008,73050,150,$113.38
4/24/2008,73050,160,$111.53
4/24/2008,73050,165,$25.45
4/24/2008,73050,170,$19.56
4/24/2008,80990,110,"$2,854.95"
4/24/2008,81010,110,$80.73
4/24/2008,81010,160,$8.10
4/24/2008,81020,160,$40.01
4/24/2008,81030,160,$480.87
4/24/2008,81050,160,$741.25
4/24/2008,81080,160,$246.62
4/24/2008,81090,160,"$1,079.67"
4/24/2008,81100,160,$689.73
4/24/2008,81110,160,$9.73
4/24/2008,81130,160,$80.84
4/24/2008,81150,160,$471.39
4/24/2008,81170,160,$4.13
4/24/2008,81180,160,$158.10
4/24/2008,81190,160,$39.86
4/24/2008,81200,160,$37.60
4/24/2008,81210,160,$525.58
4/24/2008,81220,160,$393.49
4/24/2008,81230,160,$117.13
4/24/2008,81240,160,$89.56
4/24/2008,81260,160,$42.95
4/24/2008,81270,160,$487.42
4/24/2008,81280,160,$172.58
4/24/2008,81350,160,$12.72
4/24/2008,81900,165,$322.60
4/24/2008,82010,130,$44.54
4/24/2008,82020,130,$17.17
4/24/2008,82030,130,$27.00
4/24/2008,82040,130,$38.74
4/24/2008,82040,140,$5.17
4/24/2008,82050,150,$403.48
4/24/2008,82060,170,"$1,237.00"
4/24/2008,83010,160,$27.65
4/24/2008,83010,170,$145.95
4/24/2008,83020,130,$99.36
4/24/2008,83020,160,$542.00
4/24/2008,83020,170,$326.81
4/24/2008,83030,150,$451.49
4/24/2008,83050,170,$323.30
4/24/2008,83060,170,$186.87
4/24/2008,83070,170,$221.04
4/24/2008,84020,130,$367.97
4/24/2008,84020,170,$212.45
4/24/2008,85010,170,$131.43
4/24/2008,85510,170,$837.00
4/24/2008,86010,110,$280.13
4/24/2008,86010,130,$14.04
4/24/2008,86010,150,$494.69
4/24/2008,86010,160,$99.14
4/24/2008,86010,165,$35.43
4/24/2008,86010,170,$19.15
4/24/2008,86020,110,$7.05
4/24/2008,86020,150,$33.95
4/24/2008,86030,110,$174.32
4/24/2008,86030,150,$26.52
4/24/2008,86040,110,$529.20
4/24/2008,86040,150,$371.30
4/24/2008,86050,110,$290.17
4/24/2008,86050,150,$88.92
4/24/2008,86050,160,$106.75
4/24/2008,86080,110,$58.24
4/24/2008,86100,110,$189.37
4/24/2008,86100,150,$715.65
4/24/2008,86100,160,$46.85
4/24/2008,86100,170,$339.60
4/24/2008,86135,110,$691.20
4/24/2008,86140,110,$41.19
4/24/2008,86150,110,$22.03
4/24/2008,86180,110,$301.58
4/24/2008,86180,130,$50.62
4/24/2008,86180,140,$26.73
4/24/2008,86180,160,$561.97
4/24/2008,86200,110,$164.22
4/24/2008,86200,160,$402.21
4/24/2008,86260,120,$104.52
4/24/2008,86270,150,$135.88
4/24/2008,86280,150,$48.42
4/24/2008,86290,150,$238.49
4/24/2008,86310,150,$212.71
4/24/2008,86330,150,$512.81
4/24/2008,86340,150,$9.12
4/24/2008,86350,150,$159.69
4/24/2008,86360,150,$127.60
4/24/2008,86400,170,$0.26
4/25/2008,61510,150,($79.74)
4/25/2008,61520,150,($252.87)
4/25/2008,61530,150,($59.96)
4/25/2008,61540,150,($16.68)
4/25/2008,61550,150,($181.39)
4/25/2008,61560,150,($72.34)
4/25/2008,61570,150,($153.57)
4/25/2008,62010,150,($814.63)
4/25/2008,62020,150,($902.09)
4/25/2008,62030,150,($104.03)
4/25/2008,62099,150,$29.02
4/25/2008,62510,120,($179.27)
4/25/2008,62520,120,($138.54)
4/25/2008,62530,120,($41.59)
4/25/2008,62550,120,($40.04)
4/25/2008,62560,120,($12.05)
4/25/2008,63050,150,($8.26)
4/25/2008,63060,150,($1.08)
4/25/2008,64000,150,$239.69
4/25/2008,64010,150,$40.68
4/25/2008,64020,150,$6.75
4/25/2008,65520,110,($6.56)
4/25/2008,65540,110,($159.71)
4/25/2008,65550,110,($90.61)
4/25/2008,65570,110,($1.46)
4/25/2008,65590,110,($48.95)
4/25/2008,65600,110,($552.80)
4/25/2008,65610,110,($172.41)
4/25/2008,65620,110,($30.18)
4/25/2008,65650,110,($302.18)
4/25/2008,65660,110,($156.68)
4/25/2008,65690,110,($29.14)
4/25/2008,65700,110,($207.48)
4/25/2008,65710,110,($556.24)
4/25/2008,65730,110,($7.97)
4/25/2008,65740,110,($543.58)
4/25/2008,65750,110,($633.57)
4/25/2008,65760,110,($3.95)
4/25/2008,66010,130,($17.09)
4/25/2008,66020,130,($351.87)
4/25/2008,66030,130,($4.01)
4/25/2008,66040,130,($16.95)
4/25/2008,66050,130,($54.37)
4/25/2008,66070,130,($11.53)
4/25/2008,66080,130,($4.56)
4/25/2008,66090,130,($9.02)
4/25/2008,66100,130,($7.03)
4/25/2008,66110,130,($0.75)
4/25/2008,66120,130,($1.40)
4/25/2008,66130,130,($91.84)
4/25/2008,66510,140,($56.86)
4/25/2008,66520,140,($47.24)
4/25/2008,66530,140,($15.31)
4/25/2008,66550,140,($45.00)
4/25/2008,68050,170,($0.05)
4/25/2008,68060,170,($0.91)
4/26/2008,61510,150,($106.33)
4/26/2008,61520,150,($337.15)
4/26/2008,61530,150,($79.95)
4/26/2008,61540,150,($22.24)
4/26/2008,61550,150,($241.85)
4/26/2008,61560,150,($96.45)
4/26/2008,61570,150,($204.75)
4/26/2008,62010,150,"($1,086.17)"
4/26/2008,62020,150,"($1,202.79)"
4/26/2008,62030,150,($138.70)
4/26/2008,62099,150,$38.69
4/26/2008,62510,120,($239.02)
4/26/2008,62520,120,($184.72)
4/26/2008,62530,120,($55.45)
4/26/2008,62550,120,($53.39)
4/26/2008,62560,120,($16.07)
4/26/2008,63050,150,($11.01)
4/26/2008,63060,150,($1.44)
4/26/2008,64000,150,$319.59
4/26/2008,64010,150,$54.24
4/26/2008,64020,150,$9.00
4/26/2008,65520,110,($8.75)
4/26/2008,65540,110,($212.95)
4/26/2008,65550,110,($120.82)
4/26/2008,65570,110,($1.94)
4/26/2008,65590,110,($65.27)
4/26/2008,65600,110,($737.07)
4/26/2008,65610,110,($229.88)
4/26/2008,65620,110,($40.24)
4/26/2008,65650,110,($402.91)
4/26/2008,65660,110,($208.91)
4/26/2008,65690,110,($38.86)
4/26/2008,65700,110,($276.64)
4/26/2008,65710,110,($741.65)
4/26/2008,65730,110,($10.63)
4/26/2008,65740,110,($724.77)
4/26/2008,65750,110,($844.76)
4/26/2008,65760,110,($5.27)
4/26/2008,66010,130,($22.78)
4/26/2008,66020,130,($469.16)
4/26/2008,66030,130,($5.35)
4/26/2008,66040,130,($22.60)
4/26/2008,66050,130,($72.50)
4/26/2008,66070,130,($15.37)
4/26/2008,66080,130,($6.08)
4/26/2008,66090,130,($12.03)
4/26/2008,66100,130,($9.37)
4/26/2008,66110,130,($1.00)
4/26/2008,66120,130,($1.86)
4/26/2008,66130,130,($122.45)
4/26/2008,66510,140,($75.81)
4/26/2008,66520,140,($62.99)
4/26/2008,66530,140,($20.41)
4/26/2008,66550,140,($60.00)
4/26/2008,68050,170,($0.07)
4/26/2008,68060,170,($1.22)
4/27/2008,61510,150,($104.69)
4/27/2008,61520,150,($331.95)
4/27/2008,61530,150,($78.71)
4/27/2008,61540,150,($21.90)
4/27/2008,61550,150,($238.12)
4/27/2008,61560,150,($94.96)
4/27/2008,61570,150,($201.60)
4/27/2008,62010,150,"($1,069.41)"
4/27/2008,62020,150,"($1,184.23)"
4/27/2008,62030,150,($136.56)
4/27/2008,62099,150,$38.09
4/27/2008,62510,120,($235.33)
4/27/2008,62520,120,($181.87)
4/27/2008,62530,120,($54.60)
4/27/2008,62550,120,($52.57)
4/27/2008,62560,120,($15.82)
4/27/2008,63050,150,($10.84)
4/27/2008,63060,150,($1.42)
4/27/2008,64000,150,$314.66
4/27/2008,64010,150,$53.40
4/27/2008,64020,150,$8.86
4/27/2008,65520,110,($8.61)
4/27/2008,65540,110,($209.66)
4/27/2008,65550,110,($118.95)
4/27/2008,65570,110,($1.91)
4/27/2008,65590,110,($64.26)
4/27/2008,65600,110,($725.69)
4/27/2008,65610,110,($226.33)
4/27/2008,65620,110,($39.62)
4/27/2008,65650,110,($396.70)
4/27/2008,65660,110,($205.68)
4/27/2008,65690,110,($38.26)
4/27/2008,65700,110,($272.38)
4/27/2008,65710,110,($730.20)
4/27/2008,65730,110,($10.47)
4/27/2008,65740,110,($713.59)
4/27/2008,65750,110,($831.73)
4/27/2008,65760,110,($5.18)
4/27/2008,66010,130,($22.43)
4/27/2008,66020,130,($461.92)
4/27/2008,66030,130,($5.26)
4/27/2008,66040,130,($22.25)
4/27/2008,66050,130,($71.38)
4/27/2008,66070,130,($15.13)
4/27/2008,66080,130,($5.98)
4/27/2008,66090,130,($11.84)
4/27/2008,66100,130,($9.23)
4/27/2008,66110,130,($0.99)
4/27/2008,66120,130,($1.83)
4/27/2008,66130,130,($120.56)
4/27/2008,66510,140,($74.64)
4/27/2008,66520,140,($62.01)
4/27/2008,66530,140,($20.10)
4/27/2008,66550,140,($59.08)
4/27/2008,68050,170,($0.07)
4/27/2008,68060,170,($1.20)
4/28/2008,61510,150,($97.47)
4/28/2008,61520,150,($309.06)
4/28/2008,61530,150,($73.29)
4/28/2008,61540,150,($20.38)
4/28/2008,61550,150,($221.70)
4/28/2008,61560,150,($88.41)
4/28/2008,61570,150,($187.69)
4/28/2008,62010,150,($995.66)
4/28/2008,62020,150,"($1,102.56)"
4/28/2008,62030,150,($127.15)
4/28/2008,62099,150,$35.47
4/28/2008,62510,120,($219.10)
4/28/2008,62520,120,($169.33)
4/28/2008,62530,120,($50.83)
4/28/2008,62550,120,($48.94)
4/28/2008,62560,120,($14.73)
4/28/2008,63050,150,($10.09)
4/28/2008,63060,150,($1.32)
4/28/2008,64000,150,$292.95
4/28/2008,64010,150,$49.72
4/28/2008,64020,150,$8.25
4/28/2008,65520,110,($8.02)
4/28/2008,65540,110,($195.20)
4/28/2008,65550,110,($110.75)
4/28/2008,65570,110,($1.78)
4/28/2008,65590,110,($59.83)
4/28/2008,65600,110,($675.65)
4/28/2008,65610,110,($210.72)
4/28/2008,65620,110,($36.89)
4/28/2008,65650,110,($369.34)
4/28/2008,65660,110,($191.50)
4/28/2008,65690,110,($35.62)
4/28/2008,65700,110,($253.59)
4/28/2008,65710,110,($679.84)
4/28/2008,65730,110,($9.74)
4/28/2008,65740,110,($664.37)
4/28/2008,65750,110,($774.36)
4/28/2008,65760,110,($4.83)
4/28/2008,66010,130,($20.88)
4/28/2008,66020,130,($430.06)
4/28/2008,66030,130,($4.90)
4/28/2008,66040,130,($20.72)
4/28/2008,66050,130,($66.46)
4/28/2008,66070,130,($14.09)
4/28/2008,66080,130,($5.57)
4/28/2008,66090,130,($11.03)
4/28/2008,66100,130,($8.59)
4/28/2008,66110,130,($0.92)
4/28/2008,66120,130,($1.71)
4/28/2008,66130,130,($112.25)
4/28/2008,66510,140,($69.49)
4/28/2008,66520,140,($57.74)
4/28/2008,66530,140,($18.71)
4/28/2008,66550,140,($55.00)
4/28/2008,68050,170,($0.06)
4/28/2008,68060,170,($1.12)
4/29/2008,61510,150,($97.47)
4/29/2008,61520,150,($309.06)
4/29/2008,61530,150,($73.29)
4/29/2008,61540,150,($20.38)
4/29/2008,61550,150,($221.70)
4/29/2008,61560,150,($88.41)
4/29/2008,61570,150,($187.69)
4/29/2008,62010,150,($995.66)
4/29/2008,62020,150,"($1,102.56)"
4/29/2008,62030,150,($127.15)
4/29/2008,62099,150,$35.47
4/29/2008,62510,120,($219.10)
4/29/2008,62520,120,($169.33)
4/29/2008,62530,120,($50.83)
4/29/2008,62550,120,($48.94)
4/29/2008,62560,120,($14.73)
4/29/2008,63050,150,($10.09)
4/29/2008,63060,150,($1.32)
4/29/2008,64000,150,$292.95
4/29/2008,64010,150,$49.72
4/29/2008,64020,150,$8.25
4/29/2008,65520,110,($8.02)
4/29/2008,65540,110,($195.20)
4/29/2008,65550,110,($110.75)
4/29/2008,65570,110,($1.78)
4/29/2008,65590,110,($59.83)
4/29/2008,65600,110,($675.65)
4/29/2008,65610,110,($210.72)
4/29/2008,65620,110,($36.89)
4/29/2008,65650,110,($369.34)
4/29/2008,65660,110,($191.50)
4/29/2008,65690,110,($35.62)
4/29/2008,65700,110,($253.59)
4/29/2008,65710,110,($679.84)
4/29/2008,65730,110,($9.74)
4/29/2008,65740,110,($664.37)
4/29/2008,65750,110,($774.36)
4/29/2008,65760,110,($4.83)
4/29/2008,66010,130,($20.88)
4/29/2008,66020,130,($430.06)
4/29/2008,66030,130,($4.90)
4/29/2008,66040,130,($20.72)
4/29/2008,66050,130,($66.46)
4/29/2008,66070,130,($14.09)
4/29/2008,66080,130,($5.57)
4/29/2008,66090,130,($11.03)
4/29/2008,66100,130,($8.59)
4/29/2008,66110,130,($0.92)
4/29/2008,66120,130,($1.71)
4/29/2008,66130,130,($112.25)
4/29/2008,66510,140,($69.49)
4/29/2008,66520,140,($57.74)
4/29/2008,66530,140,($18.71)
4/29/2008,66550,140,($55.00)
4/29/2008,68050,170,($0.06)
4/29/2008,68060,170,($1.12)
4/30/2008,61510,150,($97.47)
4/30/2008,61520,150,($309.06)
4/30/2008,61530,150,($73.29)
4/30/2008,61540,150,($20.38)
4/30/2008,61550,150,($221.70)
4/30/2008,61560,150,($88.41)
4/30/2008,61570,150,($187.69)
4/30/2008,62010,150,($995.66)
4/30/2008,62020,150,"($1,102.56)"
4/30/2008,62030,150,($127.15)
4/30/2008,62099,150,$35.47
4/30/2008,62510,120,($219.10)
4/30/2008,62520,120,($169.33)
4/30/2008,62530,120,($50.83)
4/30/2008,62550,120,($48.94)
4/30/2008,62560,120,($14.73)
4/30/2008,63050,150,($10.09)
4/30/2008,63060,150,($1.32)
4/30/2008,64000,150,$292.95
4/30/2008,64010,150,$49.72
4/30/2008,64020,150,$8.25
4/30/2008,65520,110,($8.02)
4/30/2008,65540,110,($195.20)
4/30/2008,65550,110,($110.75)
4/30/2008,65570,110,($1.78)
4/30/2008,65590,110,($59.83)
4/30/2008,65600,110,($675.65)
4/30/2008,65610,110,($210.72)
4/30/2008,65620,110,($36.89)
4/30/2008,65650,110,($369.34)
4/30/2008,65660,110,($191.50)
4/30/2008,65690,110,($35.62)
4/30/2008,65700,110,($253.59)
4/30/2008,65710,110,($679.84)
4/30/2008,65730,110,($9.74)
4/30/2008,65740,110,($664.37)
4/30/2008,65750,110,($774.36)
4/30/2008,65760,110,($4.83)
4/30/2008,66010,130,($20.88)
4/30/2008,66020,130,($430.06)
4/30/2008,66030,130,($4.90)
4/30/2008,66040,130,($20.72)
4/30/2008,66050,130,($66.46)
4/30/2008,66070,130,($14.09)
4/30/2008,66080,130,($5.57)
4/30/2008,66090,130,($11.03)
4/30/2008,66100,130,($8.59)
4/30/2008,66110,130,($0.92)
4/30/2008,66120,130,($1.71)
4/30/2008,66130,130,($112.25)
4/30/2008,66510,140,($69.49)
4/30/2008,66520,140,($57.74)
4/30/2008,66530,140,($18.71)
4/30/2008,66550,140,($55.00)
4/30/2008,68050,170,($0.06)
4/30/2008,68060,170,($1.12)
Grand Total,,,"$36,616.05"
